<?xml version="1.0" encoding="UTF-8"?>
<project-private xmlns="http://www.netbeans.org/ns/project-private/1">
    <editor-bookmarks xmlns="http://www.netbeans.org/ns/editor-bookmarks/2" lastBookmarkId="0"/>
    <open-files xmlns="http://www.netbeans.org/ns/projectui-open-files/2">
        <group>
            <file>file:/C:/Users/PC/Documents/NetBeansProjects/messagerie/traiter_envoi_message.php</file>
            <file>file:/C:/Users/PC/Documents/NetBeansProjects/messagerie/traiter_inscription.php</file>
            <file>file:/C:/Users/PC/Documents/NetBeansProjects/messagerie/messagerie.php</file>
            <file>file:/C:/Users/PC/Documents/NetBeansProjects/messagerie/envoyer_message.php</file>
            <file>file:/C:/Users/PC/Documents/NetBeansProjects/messagerie/inscription.php</file>
            <file>file:/C:/Users/PC/Documents/NetBeansProjects/messagerie/messagerieDAO.php</file>
        </group>
    </open-files>
</project-private>
