/*M!999999\- enable the sandbox mode */ 
-- MariaDB dump 10.19  Distrib 10.11.11-MariaDB, for debian-linux-gnu (x86_64)
--
-- Host: localhost    Database: basketclub
-- ------------------------------------------------------
-- Server version	10.11.11-MariaDB-0+deb12u1

/*!40101 SET @OLD_CHARACTER_SET_CLIENT=@@CHARACTER_SET_CLIENT */;
/*!40101 SET @OLD_CHARACTER_SET_RESULTS=@@CHARACTER_SET_RESULTS */;
/*!40101 SET @OLD_COLLATION_CONNECTION=@@COLLATION_CONNECTION */;
/*!40101 SET NAMES utf8mb4 */;
/*!40103 SET @OLD_TIME_ZONE=@@TIME_ZONE */;
/*!40103 SET TIME_ZONE='+00:00' */;
/*!40014 SET @OLD_UNIQUE_CHECKS=@@UNIQUE_CHECKS, UNIQUE_CHECKS=0 */;
/*!40014 SET @OLD_FOREIGN_KEY_CHECKS=@@FOREIGN_KEY_CHECKS, FOREIGN_KEY_CHECKS=0 */;
/*!40101 SET @OLD_SQL_MODE=@@SQL_MODE, SQL_MODE='NO_AUTO_VALUE_ON_ZERO' */;
/*!40111 SET @OLD_SQL_NOTES=@@SQL_NOTES, SQL_NOTES=0 */;

--
-- Current Database: `basketclub`
--

CREATE DATABASE /*!32312 IF NOT EXISTS*/ `basketclub` /*!40100 DEFAULT CHARACTER SET utf8mb3 COLLATE utf8mb3_general_ci */;

USE `basketclub`;

--
-- Table structure for table `Entrainement`
--

DROP TABLE IF EXISTS `Entrainement`;
/*!40101 SET @saved_cs_client     = @@character_set_client */;
/*!40101 SET character_set_client = utf8mb4 */;
CREATE TABLE `Entrainement` (
  `id` int(10) unsigned NOT NULL,
  `date` date DEFAULT NULL,
  PRIMARY KEY (`id`)
) ENGINE=InnoDB DEFAULT CHARSET=utf8mb3 COLLATE=utf8mb3_general_ci;
/*!40101 SET character_set_client = @saved_cs_client */;

--
-- Dumping data for table `Entrainement`
--

LOCK TABLES `Entrainement` WRITE;
/*!40000 ALTER TABLE `Entrainement` DISABLE KEYS */;
INSERT INTO `Entrainement` VALUES
(1,'2023-08-25'),
(2,'2023-09-01'),
(3,'2023-09-08'),
(4,'2023-09-15'),
(5,'2023-09-22'),
(6,'2023-09-29'),
(7,'2023-10-06'),
(8,'2023-10-13'),
(9,'2023-10-20'),
(10,'2023-10-27'),
(11,'2023-11-03'),
(12,'2023-11-10'),
(13,'2023-11-17'),
(14,'2023-11-24'),
(15,'2023-12-01'),
(16,'2023-12-08'),
(17,'2023-12-15'),
(18,'2023-12-22'),
(19,'2023-12-29'),
(20,'2024-01-05'),
(21,'2024-01-12'),
(22,'2024-01-19'),
(23,'2024-01-26'),
(24,'2024-02-02'),
(25,'2024-02-09'),
(26,'2024-02-16'),
(27,'2024-02-23'),
(28,'2024-03-02'),
(29,'2024-03-09'),
(30,'2024-03-16'),
(31,'2024-03-23'),
(32,'2024-03-30'),
(33,'2024-04-06'),
(34,'2024-04-13'),
(35,'2024-04-20'),
(36,'2024-04-27'),
(37,'2024-05-04'),
(38,'2024-05-11'),
(39,'2024-05-18'),
(40,'2024-05-25'),
(41,'2024-06-01'),
(42,'2024-06-08'),
(43,'2024-06-15'),
(44,'2024-06-22'),
(45,'2024-06-29'),
(46,'2024-07-06');
/*!40000 ALTER TABLE `Entrainement` ENABLE KEYS */;
UNLOCK TABLES;

--
-- Table structure for table `Equipe`
--

DROP TABLE IF EXISTS `Equipe`;
/*!40101 SET @saved_cs_client     = @@character_set_client */;
/*!40101 SET character_set_client = utf8mb4 */;
CREATE TABLE `Equipe` (
  `id` int(10) unsigned NOT NULL,
  `nom` varchar(64) DEFAULT NULL,
  PRIMARY KEY (`id`)
) ENGINE=InnoDB DEFAULT CHARSET=utf8mb3 COLLATE=utf8mb3_general_ci;
/*!40101 SET character_set_client = @saved_cs_client */;

--
-- Dumping data for table `Equipe`
--

LOCK TABLES `Equipe` WRITE;
/*!40000 ALTER TABLE `Equipe` DISABLE KEYS */;
INSERT INTO `Equipe` VALUES
(1,'AS SAINT PRIEST BRAMEFANT - 2'),
(2,'CLUB SPORTIF PUY GUILLAUME'),
(3,'EN - CTC NORD PUY DE DOME - MOZAC VOLVIC BASKET - 2'),
(4,'CLUB SPORTIF DE PONT DE DORE - 2'),
(5,'BC LEMPDES - 3');
/*!40000 ALTER TABLE `Equipe` ENABLE KEYS */;
UNLOCK TABLES;

--
-- Table structure for table `Exemple`
--

DROP TABLE IF EXISTS `Exemple`;
/*!40101 SET @saved_cs_client     = @@character_set_client */;
/*!40101 SET character_set_client = utf8mb4 */;
CREATE TABLE `Exemple` (
  `id` int(11) NOT NULL AUTO_INCREMENT,
  `libelle` varchar(45) NOT NULL,
  PRIMARY KEY (`id`)
) ENGINE=InnoDB AUTO_INCREMENT=1001 DEFAULT CHARSET=utf8mb3 COLLATE=utf8mb3_general_ci;
/*!40101 SET character_set_client = @saved_cs_client */;

--
-- Dumping data for table `Exemple`
--

LOCK TABLES `Exemple` WRITE;
/*!40000 ALTER TABLE `Exemple` DISABLE KEYS */;
INSERT INTO `Exemple` VALUES
(1,'Lemonade - Kiwi'),
(2,'Pie Pecan'),
(3,'Syrup - Golden'),
(4,'Lamb - Rack'),
(5,'Mousse - Mango'),
(6,'Gatorade - Cool Blue Raspberry'),
(7,'Pork - Inside'),
(8,'Pasta - Lasagne'),
(9,'Wine - Red'),
(10,'Turkey Tenderloin Frozen'),
(11,'Containter - 3oz Microwave Rect.'),
(12,'Cheese Cloth No 60'),
(13,'Sugar - Individual Portions'),
(14,'Beer - Creemore'),
(15,'Bread - Multigrain'),
(16,'Asparagus - Mexican'),
(17,'Pork - Inside'),
(18,'Juice - Apple'),
(19,'Muffin Mix - Raisin Bran'),
(20,'Juice - Lagoon Mango'),
(21,'Cinnamon - Stick'),
(22,'Sambuca - Ramazzotti'),
(23,'Clementine'),
(24,'Wine - Niagara'),
(25,'Flower - Dish Garden'),
(26,'Chevere Logs'),
(27,'Energy Drink'),
(28,'Oil - Hazelnut'),
(29,'Wood Chips - Regular'),
(30,'Bread - Rolls'),
(31,'Slt - Individual Portions'),
(32,'Lamb - Rack'),
(33,'Shrimp - 16 - 20 Cooked'),
(34,'Cheese Cloth No 60'),
(35,'Muffin Mix - Lemon Cranberry'),
(36,'Orange Roughy 4/6 Oz'),
(37,'Sauce - Demi Glace'),
(38,'Garbage Bag - Clear'),
(39,'Alize Red Passion'),
(40,'Calvados - Boulard'),
(41,'Sea Bass - Fillets'),
(42,'Muffin Hinge - 211n'),
(43,'Beef - Tongue'),
(44,'Roe - Lump Fish'),
(45,'Bread - Pain Au Liat X12'),
(46,'Pastry - Cherry Danish - Mini'),
(47,'Higashimaru Usukuchi Soy'),
(48,'Syrup - Chocolate'),
(49,'Hersey Shakes'),
(50,'Thyme - Fresh'),
(51,'Pear - Prickly'),
(52,'Pie Shell - 5'),
(53,'Vermouth - Sweet'),
(54,'Salami - Genova'),
(55,'Piping Jelly - All Colours'),
(56,'Butcher Twine 4r'),
(57,'Oil - Margarine'),
(58,'Peas - Pigeon'),
(59,'Wine - Red'),
(60,'Beef - Striploin'),
(61,'Flour - Semolina'),
(62,'Puree - Mocha'),
(63,'Pork - Bacon'),
(64,'Parsley - Fresh'),
(65,'Calypso - Lemonade'),
(66,'Turkey Tenderloin Frozen'),
(67,'Bread - Raisin Walnut Pull'),
(68,'Bouq All Italian - Primerba'),
(69,'Halibut - Steaks'),
(70,'Soup - Campbells'),
(71,'Nantucket Orange Juice'),
(72,'Rosemary - Fresh'),
(73,'Stock - Veal'),
(74,'Nut - Pumpkin Seeds'),
(75,'Veal - Insides Provini'),
(76,'Calypso - Strawberry Lemonade'),
(77,'Soup - Base Broth Beef'),
(78,'Cakes Assorted'),
(79,'Steampan Lid'),
(80,'Lentils - Green'),
(81,'Cake Circle'),
(82,'Brownies - Two Bite'),
(83,'Raspberries - Fresh'),
(84,'Asparagus - Mexican'),
(85,'Nut - Peanut'),
(86,'Wine - Red'),
(87,'Fish - Atlantic Salmon'),
(88,'Devonshire Cream'),
(89,'Shrimp - 16 - 20 Cooked'),
(90,'Mushroom - Porcini'),
(91,'Tea - Black Currant'),
(92,'Truffle - Whole Black Peeled'),
(93,'Fond - Neutral'),
(94,'Foam Tray S2'),
(95,'Basil - Pesto Sauce'),
(96,'Shiro Miso'),
(97,'Wine - Casablanca Valley'),
(98,'Grouper - Fresh'),
(99,'Wine - Rhine Riesling Wolf Blass'),
(100,'Table Cloth 91x91 Colour'),
(101,'Pork - Bacon'),
(102,'Muffin Mix - Lemon Cranberry'),
(103,'Beans - Wax'),
(104,'Tray - 12in Rnd Blk'),
(105,'Pork - Backfat'),
(106,'Knife Plastic - White'),
(107,'Sauce - Cranberry'),
(108,'Rice - Jasmine Sented'),
(109,'Ice - Clear'),
(110,'Nantucket Apple Juice'),
(111,'Beef - Tenderloin - Aa'),
(112,'Shopper Bag - S - 4'),
(113,'Potatoes - Fingerling 4 Oz'),
(114,'Cheese - Comte'),
(115,'Celery'),
(116,'Chilli Paste'),
(117,'Carbonated Water - Raspberry'),
(118,'Pear - Asian'),
(119,'Sobe - Liz Blizz'),
(120,'Appetizer - Mango Chevre'),
(121,'Crab Brie In Phyllo'),
(122,'Cilantro / Coriander - Fresh'),
(123,'Veal - Osso Bucco'),
(124,'Island Oasis - Cappucino Mix'),
(125,'Wine - Red'),
(126,'Veal - Leg'),
(127,'Muffin Hinge 117n'),
(128,'Rice - Basmati'),
(129,'Lettuce Romaine Chopped'),
(130,'Sauce - Demi Glace'),
(131,'Crackers - Graham'),
(132,'Onion Powder'),
(133,'Lemon Tarts'),
(134,'Veal - Tenderloin'),
(135,'Beef - Rib Eye Aaa'),
(136,'Wine - White'),
(137,'Basil - Dry'),
(138,'Carrots - Jumbo'),
(139,'Pepsi'),
(140,'Tequila Rose Cream Liquor'),
(141,'Liners - Baking Cups'),
(142,'Wine - Casablanca Valley'),
(143,'Cheese - Boursin'),
(144,'Lamb - Whole Head Off'),
(145,'Water - Tonic'),
(146,'Vinegar - Sherry'),
(147,'Peach - Fresh'),
(148,'Bandage - Fexible 1x3'),
(149,'Chicken - Wieners'),
(150,'Truffle Cups - Brown'),
(151,'Nut - Macadamia'),
(152,'Wine - Chateau Aqueria Tavel'),
(153,'Flour - Corn'),
(154,'Broccoli - Fresh'),
(155,'Milk - Homo'),
(156,'Cherries - Bing'),
(157,'Puree - Kiwi'),
(158,'Pecan Raisin - Tarts'),
(159,'Couscous'),
(160,'Lamb Rack Frenched Australian'),
(161,'Extract - Lemon'),
(162,'Cod - Fillets'),
(163,'Maintenance Removal Charge'),
(164,'Cookie - Dough Variety'),
(165,'Pepper - Red Chili'),
(166,'Bagelers'),
(167,'Mix - Cappucino Cocktail'),
(168,'Beets'),
(169,'Alize Sunset'),
(170,'Soup - Beef Conomme'),
(171,'Oil - Sunflower'),
(172,'Pasta - Lasagne'),
(173,'Chocolate - Pistoles'),
(174,'Wine - Sawmill Creek Autumn'),
(175,'Mudslide'),
(176,'Southern Comfort'),
(177,'Asparagus - White'),
(178,'Juice - Apple'),
(179,'Spice - Onion Powder Granulated'),
(180,'Garbag Bags - Black'),
(181,'Orange - Blood'),
(182,'Nantucket Cranberry Juice'),
(183,'Melon - Watermelon'),
(184,'Wine - Hardys Bankside Shiraz'),
(185,'Sultanas'),
(186,'Bacon Strip Precooked'),
(187,'Cookie Dough - Chocolate Chip'),
(188,'Aromat Spice / Seasoning'),
(189,'Soup - Campbells'),
(190,'Cheese - Grie Des Champ'),
(191,'Onions - Pearl'),
(192,'Tomatoes - Vine Ripe'),
(193,'Blouse / Shirt / Sweater'),
(194,'Soup Campbells'),
(195,'Brandy Apricot'),
(196,'Star Fruit'),
(197,'Rice - 7 Grain Blend'),
(198,'Soup - Clam Chowder'),
(199,'Yogurt - Peach'),
(200,'Cheese - Cambozola'),
(201,'Chevril'),
(202,'Arctic Char - Fresh'),
(203,'Broccoli - Fresh'),
(204,'Juice - Tomato'),
(205,'Appetizer - Tarragon Chicken'),
(206,'Arctic Char - Fillets'),
(207,'Yogurt - Assorted Pack'),
(208,'Broom - Push'),
(209,'Tomatoes - Vine Ripe'),
(210,'Soup - Base Broth Beef'),
(211,'Sword Pick Asst'),
(212,'Langers - Mango Nectar'),
(213,'Beef - Inside Round'),
(214,'Bread Sour Rolls'),
(215,'Water - Evian 355 Ml'),
(216,'Muffin Batt - Ban Dream Zero'),
(217,'Cheese - Cheddar'),
(218,'Water - Perrier'),
(219,'Wine - Chateauneuf Du Pape'),
(220,'Oil - Hazelnut'),
(221,'Bagelers - Cinn / Brown'),
(222,'Chevril'),
(223,'Nut - Pine Nuts'),
(224,'Pork - Butt'),
(225,'Rum - White'),
(226,'Bouq All Italian - Primerba'),
(227,'Veal - Leg'),
(228,'Venison - Ground'),
(229,'Lamb - Shoulder'),
(230,'Tomatoes - Plum'),
(231,'Soup - Campbells Broccoli'),
(232,'Chicken - Livers'),
(233,'Wooden Mop Handle'),
(234,'Cake - Cheese Cake 9 Inch'),
(235,'Squid - Breaded'),
(236,'Chocolate Eclairs'),
(237,'Bread - Sticks'),
(238,'Wine - Port Late Bottled Vintage'),
(239,'Baking Soda'),
(240,'Muskox - French Rack'),
(241,'Pail - 4l White'),
(242,'Zucchini - Yellow'),
(243,'Tea - Lemon Scented'),
(244,'Mushroom - Porcini'),
(245,'Wine - Casillero Deldiablo'),
(246,'Pasta - Rotini'),
(247,'Saskatoon Berries - Frozen'),
(248,'Parsley Italian - Fresh'),
(249,'Cookie Dough - Chunky'),
(250,'Salmon Steak - Cohoe 8 Oz'),
(251,'Nougat - Paste / Cream'),
(252,'Sage - Rubbed'),
(253,'Wine - Valpolicella Masi'),
(254,'Celery Root'),
(255,'Squid - Tubes / Tenticles 10/20'),
(256,'Creme De Menthe Green'),
(257,'Spinach - Spinach Leaf'),
(258,'Tea - Mint'),
(259,'Duck - Fat'),
(260,'Flour - Corn'),
(261,'Lobster - Tail 6 Oz'),
(262,'Evaporated Milk - Skim'),
(263,'Mussels - Frozen'),
(264,'Extract - Lemon'),
(265,'Truffle Cups Green'),
(266,'Sprouts - Alfalfa'),
(267,'Pasta - Orecchiette'),
(268,'Cookie Dough - Double'),
(269,'Beer - Blue'),
(270,'Ice Cream - Strawberry'),
(271,'Lettuce - Sea / Sea Asparagus'),
(272,'Beets - Golden'),
(273,'Banana - Green'),
(274,'C - Plus'),
(275,'Pie Shell - 9'),
(276,'Icecream - Dstk Strw Chseck'),
(277,'Bread - Calabrese Baguette'),
(278,'Asparagus - Green'),
(279,'Sugar - Invert'),
(280,'Dates'),
(281,'Rice Pilaf'),
(282,'Cup Translucent 9 Oz'),
(283,'Calvados - Boulard'),
(284,'Cheese Cloth No 100'),
(285,'Milk - Condensed'),
(286,'Bread - Assorted Rolls'),
(287,'Urban Zen Drinks'),
(288,'Worcestershire Sauce'),
(289,'Coke - Diet'),
(290,'Beef - Roasted'),
(291,'Veal - Provimi Inside'),
(292,'Appetizer - Tarragon Chicken'),
(293,'Shrimp - Black Tiger 26/30'),
(294,'Eggplant - Asian'),
(295,'Chips Potato Swt Chilli Sour'),
(296,'Bread Base - Goodhearth'),
(297,'Mushrooms - Black'),
(298,'Table Cloth 91x91 Colour'),
(299,'Magnotta Bel Paese Red'),
(300,'Pastry - Butterscotch Baked'),
(301,'Rice - Long Grain'),
(302,'Cookies - Englishbay Oatmeal'),
(303,'The Pop Shoppe - Grape'),
(304,'Appetizer - Mango Chevre'),
(305,'Oregano - Dry'),
(306,'Tia Maria'),
(307,'Crab - Claws'),
(308,'Soda Water - Club Soda'),
(309,'Raisin - Dark'),
(310,'Pork - Chop'),
(311,'Pomello'),
(312,'Scampi Tail'),
(313,'Bread Country Roll'),
(314,'Beef Tenderloin Aaa'),
(315,'Nut - Walnut'),
(316,'Salt - Kosher'),
(317,'Mackerel Whole Fresh'),
(318,'Filling - Mince Meat'),
(319,'Lychee - Canned'),
(320,'Bread - Italian Roll With Herbs'),
(321,'Tuna - Loin'),
(322,'Mushroom - Chanterelle Frozen'),
(323,'Carbonated Water - Orange'),
(324,'Flour - Bread'),
(325,'Cinnamon Rolls'),
(326,'Tomato Paste'),
(327,'Turnip - White'),
(328,'Lettuce - Curly Endive'),
(329,'Pea - Snow'),
(330,'Fireball Whisky'),
(331,'Flower - Potmums'),
(332,'Capicola - Hot'),
(333,'Foam Tray S2'),
(334,'Bread - Roll'),
(335,'Cheese - Goat With Herbs'),
(336,'Mushroom - Chanterelle'),
(337,'Zucchini - Yellow'),
(338,'Vinegar - White Wine'),
(339,'Bar Energy Chocchip'),
(340,'Plums - Red'),
(341,'Crush - Cream Soda'),
(342,'Spice - Pepper Portions'),
(343,'Carrots - Mini'),
(344,'Tortillas - Flour'),
(345,'Beans - Kidney'),
(346,'Tomatoes - Cherry'),
(347,'Sugar - White Packet'),
(348,'Mace Ground'),
(349,'Tea - Camomele'),
(350,'Rice - Brown'),
(351,'Iced Tea Concentrate'),
(352,'Cocoa Powder - Natural'),
(353,'Bagel - Whole White Sesame'),
(354,'Cheese - Mozzarella'),
(355,'Mustard Prepared'),
(356,'Muffin - Zero Transfat'),
(357,'Wine - White'),
(358,'Cheese - Ricotta'),
(359,'The Pop Shoppe - Lime Rickey'),
(360,'Tea - Orange Pekoe'),
(361,'Spice - Montreal Steak Spice'),
(362,'Cardamon Ground'),
(363,'Muffin Mix - Raisin Bran'),
(364,'Seaweed Green Sheets'),
(365,'Rabbit - Legs'),
(366,'Pasta - Cannelloni'),
(367,'Dr. Pepper - 355ml'),
(368,'Cheese Cloth No 100'),
(369,'Sauce - Gravy'),
(370,'Beef - Baby'),
(371,'Muffin Hinge - 211n'),
(372,'Lentils - Green Le Puy'),
(373,'Foam Espresso Cup Plain White'),
(374,'Steampan - Lid For Half Size'),
(375,'Cake - Pancake'),
(376,'Oxtail - Cut'),
(377,'Syrup - Chocolate'),
(378,'Wine - Penfolds Koonuga Hill'),
(379,'Pork - Back'),
(380,'Pepper - Chili Powder'),
(381,'Sour Cream'),
(382,'Mushroom - Shitake'),
(383,'Venison - Ground'),
(384,'Wine - White'),
(385,'Wine - Coteaux Du Tricastin Ac'),
(386,'Tamarind Paste'),
(387,'Liners - Baking Cups'),
(388,'Cup - 4oz Translucent'),
(389,'Mudslide'),
(390,'Pastry - Butterscotch Baked'),
(391,'Brandy - Orange'),
(392,'Lobster - Cooked'),
(393,'Wine - Lamancha Do Crianza'),
(394,'Wine - Valpolicella Masi'),
(395,'Fish - Atlantic Salmon'),
(396,'Beef - Bresaola'),
(397,'Foam Tray S2'),
(398,'Syrup - Pancake'),
(399,'Tart Shells - Barquettes'),
(400,'Towel Multifold'),
(401,'Steampan - Lid For Half Size'),
(402,'Lambcasing'),
(403,'Corn - On The Cob'),
(404,'Corn - Mini'),
(405,'Aspic - Amber'),
(406,'Pepper - Yellow Bell'),
(407,'Bread - Frozen Basket Variety'),
(408,'Nestea - Ice Tea'),
(409,'Sweet Pea Sprouts'),
(410,'Shrimp - Baby'),
(411,'Sauce - Soy Low Sodium - 3.87l'),
(412,'Praline Paste'),
(413,'Cheese - Cheddar'),
(414,'Beef - Roasted'),
(415,'Sugar - Cubes'),
(416,'Coffee - Colombian'),
(417,'Extract Vanilla Pure'),
(418,'Cinnamon Rolls'),
(419,'Soup - Cream Of Broccoli'),
(420,'Spinach - Baby'),
(421,'Rum - Mount Gay Eclipes'),
(422,'Samosa - Veg'),
(423,'Chicken Giblets'),
(424,'Soup Campbells Split Pea And Ham'),
(425,'Godiva White Chocolate'),
(426,'Scallops 60/80 Iqf'),
(427,'Bread - Roll'),
(428,'Trueblue - Blueberry'),
(429,'Wine - Rosso Toscano Igt'),
(430,'Tart - Raisin And Pecan'),
(431,'Bread Country Roll'),
(432,'Lid Coffee Cup 8oz Blk'),
(433,'Coffee Caramel Biscotti'),
(434,'Spic And Span All Purpose'),
(435,'Langers - Mango Nectar'),
(436,'Bar Nature Valley'),
(437,'Cinnamon - Stick'),
(438,'Wine - Savigny - Les - Beaune'),
(439,'Carbonated Water - Strawberry'),
(440,'Lettuce - Belgian Endive'),
(441,'Compound - Passion Fruit'),
(442,'Chervil - Fresh'),
(443,'Longos - Burritos'),
(444,'Tomatillo'),
(445,'Cardamon Seed / Pod'),
(446,'Coffee - Espresso'),
(447,'Guinea Fowl'),
(448,'Beef - Inside Round'),
(449,'Table Cloth 54x54 Colour'),
(450,'Sauce - Gravy'),
(451,'Pears - Bartlett'),
(452,'Pop - Club Soda Can'),
(453,'Parsley Italian - Fresh'),
(454,'Pear - Halves'),
(455,'Wine - Fat Bastard Merlot'),
(456,'French Kiss Vanilla'),
(457,'Wine - Gewurztraminer Pierre'),
(458,'Lettuce - Spring Mix'),
(459,'Beer - Creemore'),
(460,'Mushroom - Enoki'),
(461,'Cabbage Roll'),
(462,'Bread - Flat Bread'),
(463,'Chips - Miss Vickies'),
(464,'Mince Meat - Filling'),
(465,'Sping Loaded Cup Dispenser'),
(466,'Juice - V8 Splash'),
(467,'Cocktail Napkin Blue'),
(468,'Squash - Butternut'),
(469,'Soap - Pine Sol Floor Cleaner'),
(470,'Phyllo Dough'),
(471,'Versatainer Nc - 888'),
(472,'Kahlua'),
(473,'Olive - Spread Tapenade'),
(474,'Dried Cranberries'),
(475,'Vermouth - Sweet'),
(476,'Papadam'),
(477,'Flour Pastry Super Fine'),
(478,'Plastic Wrap'),
(479,'Mountain Dew'),
(480,'Steel Wool'),
(481,'Beer - Upper Canada Lager'),
(482,'Nestea - Ice Tea'),
(483,'Rootbeer'),
(484,'Parsnip'),
(485,'Spaghetti Squash'),
(486,'Bread Base - Gold Formel'),
(487,'Salt And Pepper Mix - Black'),
(488,'Salmon Steak - Cohoe 8 Oz'),
(489,'Icecream - Dstk Super Cone'),
(490,'Icecream - Dstk Cml And Fdg'),
(491,'Corn Kernels - Frozen'),
(492,'Alize Gold Passion'),
(493,'Grapes - Black'),
(494,'Cherries - Frozen'),
(495,'Wine - Red'),
(496,'Beef - Tender Tips'),
(497,'Bread - Rye'),
(498,'Chutney Sauce'),
(499,'Ham - Cooked'),
(500,'Wine - White'),
(501,'Lumpfish Black'),
(502,'Ranchero - Primerba'),
(503,'Cheese - Havarti'),
(504,'Brandy - Bar'),
(505,'Artichoke - Hearts'),
(506,'Pear - Halves'),
(507,'Water - Mineral'),
(508,'Beef - Bones'),
(509,'Wine - White'),
(510,'Wine - Chablis 2003 Champs'),
(511,'Bread - Rolls'),
(512,'Corn Shoots'),
(513,'Island Oasis - Strawberry'),
(514,'Pepper - Green'),
(515,'Table Cloth 53x69 White'),
(516,'Mushroom - Crimini'),
(517,'Lid Coffee Cup 8oz Blk'),
(518,'Rum - Spiced'),
(519,'Coconut Milk - Unsweetened'),
(520,'Goldschalger'),
(521,'Crab - Meat Combo'),
(522,'Beef Ground Medium'),
(523,'Soup - Verve - Chipotle Chicken'),
(524,'Wine - Zonnebloem Pinotage'),
(525,'Grapes - Black'),
(526,'Veal - Tenderloin'),
(527,'Juice - Clamato'),
(528,'Ham - Procutinni'),
(529,'Island Oasis - Ice Cream Mix'),
(530,'Okra'),
(531,'Soup - Campbells'),
(532,'Wine - Soave Folonari'),
(533,'Beans - Yellow'),
(534,'Garbage Bag - Clear'),
(535,'Red Pepper Paste'),
(536,'Pepper - White'),
(537,'Milk - Homo'),
(538,'Coffee Cup 12oz 5342cd'),
(539,'Mayonnaise - Individual Pkg'),
(540,'Sultanas'),
(541,'Syrup - Monin'),
(542,'Tequila Rose Cream Liquor'),
(543,'Wine - Gato Negro Cabernet'),
(544,'Green Scrubbie Pad H.duty'),
(545,'Chocolate Bar - Smarties'),
(546,'Chickhen - Chicken Phyllo'),
(547,'Bread - Corn Muffaletta'),
(548,'Sauce - Vodka Blush'),
(549,'Beef Cheek Fresh'),
(550,'Bagelers'),
(551,'Pie Filling - Cherry'),
(552,'Mackerel Whole Fresh'),
(553,'Wiberg Super Cure'),
(554,'Wine - Baron De Rothschild'),
(555,'Cake Slab'),
(556,'Soup - Verve - Chipotle Chicken'),
(557,'Pie Filling - Apple'),
(558,'Beets'),
(559,'Wine - Chablis 2003 Champs'),
(560,'Sauce - Hollandaise'),
(561,'Cardamon Seed / Pod'),
(562,'Glass Clear 8 Oz'),
(563,'Cabbage - Nappa'),
(564,'Appetizer - Chicken Satay'),
(565,'Bread Base - Italian'),
(566,'Pork - Sausage Casing'),
(567,'Chick Peas - Dried'),
(568,'Lamb Tenderloin Nz Fr'),
(569,'Beef - Rouladin'),
(570,'Stock - Fish'),
(571,'Tea - Herbal Orange Spice'),
(572,'Veal - Leg'),
(573,'Sauce - White'),
(574,'Flour - Cake'),
(575,'Squash - Sunburst'),
(576,'Beer - Mill St Organic'),
(577,'Wine - Two Oceans Cabernet'),
(578,'Flour Pastry Super Fine'),
(579,'Ice Cream Bar - Oreo Sandwich'),
(580,'Apples - Spartan'),
(581,'Wine - Remy Pannier Rose'),
(582,'Cake - Bande Of Fruit'),
(583,'Clams - Canned'),
(584,'Mayonnaise - Individual Pkg'),
(585,'Emulsifier'),
(586,'Pasta - Shells'),
(587,'Wine - Delicato Merlot'),
(588,'Vinegar - Raspberry'),
(589,'Cheese - Le Cheve Noir'),
(590,'Salmon - Canned'),
(591,'Scallops - In Shell'),
(592,'Flavouring - Rum'),
(593,'Cauliflower'),
(594,'Cheese - Bakers Cream Cheese'),
(595,'Tea - Darjeeling'),
(596,'Lamb - Shoulder'),
(597,'Cinnamon Buns Sticky'),
(598,'Wine - Merlot Vina Carmen'),
(599,'Fuji Apples'),
(600,'Beer - Moosehead'),
(601,'Champagne - Brights'),
(602,'Tart Shells - Barquettes'),
(603,'Barley - Pearl'),
(604,'Radish'),
(605,'Steampan - Lid For Half Size'),
(606,'Wine - Rosso Del Veronese Igt'),
(607,'Bread - Triangle White'),
(608,'Vodka - Hot'),
(609,'Bread Fig And Almond'),
(610,'Artichoke - Bottom'),
(611,'Syrup - Monin - Granny Smith'),
(612,'Wine - Rosso Del Veronese Igt'),
(613,'Pasta - Bauletti'),
(614,'Energy - Boo - Koo'),
(615,'Danishes - Mini Raspberry'),
(616,'Glass - Wine'),
(617,'Cheese - Goat'),
(618,'Pate Pans Yellow'),
(619,'Mortadella'),
(620,'Spice - Paprika'),
(621,'Pails With Lids'),
(622,'Bagel - Whole White Sesame'),
(623,'Honey - Liquid'),
(624,'Honey - Liquid'),
(625,'Milk - 1%'),
(626,'Chervil - Fresh'),
(627,'Coriander - Seed'),
(628,'Peas Snow'),
(629,'Milk - Chocolate 250 Ml'),
(630,'Shrimp - 16/20'),
(631,'Clam - Cherrystone'),
(632,'Sachet'),
(633,'Cheese - Boursin'),
(634,'Vol Au Vents'),
(635,'Beer - Sleeman Fine Porter'),
(636,'Squid U5 - Thailand'),
(637,'Capon - Breast'),
(638,'Mountain Dew'),
(639,'Dill Weed - Fresh'),
(640,'Filling - Mince Meat'),
(641,'Syrup - Monin'),
(642,'Pasta - Penne'),
(643,'Pickerel - Fillets'),
(644,'Sponge Cake Mix - Chocolate'),
(645,'Pork - Hock And Feet Attached'),
(646,'Spinach - Baby'),
(647,'Sauce - Chili'),
(648,'Nantuket Peach Orange'),
(649,'Milk - Homo'),
(650,'Island Oasis - Pina Colada'),
(651,'Nut - Pecan'),
(652,'Sping Loaded Cup Dispenser'),
(653,'Lime Cordial - Roses'),
(654,'Pastry - Butterscotch Baked'),
(655,'Coconut - Shredded'),
(656,'Dikon'),
(657,'Appetizer - Asian Shrimp Roll'),
(658,'Brandy - Orange'),
(659,'Goulash Seasoning'),
(660,'Pork Loin Cutlets'),
(661,'Coffee Cup 8oz 5338cd'),
(662,'Fuji Apples'),
(663,'Cake Sheet Combo Party Pack'),
(664,'Cake - Mini Cheesecake'),
(665,'Peach - Fresh'),
(666,'Chicken Thigh - Bone Out'),
(667,'Chocolate - Mi - Amere Semi'),
(668,'Pate - Liver'),
(669,'Melon - Honey Dew'),
(670,'Wine - Winzer Krems Gruner'),
(671,'Pastry - Choclate Baked'),
(672,'Rice - Basmati'),
(673,'Beer - Creemore'),
(674,'Wood Chips - Regular'),
(675,'Potatoes - Peeled'),
(676,'Rice - Aborio'),
(677,'Pepper - Red Bell'),
(678,'Flour - Buckwheat'),
(679,'Cream - 10%'),
(680,'Icecream - Dstk Cml And Fdg'),
(681,'Kaffir Lime Leaves'),
(682,'Beef - Striploin'),
(683,'Carrots - Mini'),
(684,'Juice - Orange'),
(685,'Melon - Watermelon'),
(686,'Apple - Macintosh'),
(687,'Cheese Cheddar Processed'),
(688,'Thyme - Dried'),
(689,'Stock - Chicken'),
(690,'Table Cloth 144x90 White'),
(691,'Dehydrated Kelp Kombo'),
(692,'Hummus - Spread'),
(693,'Beef - Salted'),
(694,'Jam - Apricot'),
(695,'Cabbage - Green'),
(696,'Venison - Liver'),
(697,'Wine - Beringer Founders Estate'),
(698,'Jolt Cola'),
(699,'Lamb - Sausage Casings'),
(700,'Wine - Fat Bastard Merlot'),
(701,'Hipnotiq Liquor'),
(702,'Cardamon Ground'),
(703,'Asparagus - White'),
(704,'Ham - Cooked'),
(705,'Veal - Insides Provini'),
(706,'Oil - Avocado'),
(707,'Potato - Sweet'),
(708,'Juice - Apple 284ml'),
(709,'Pastry - Butterscotch Baked'),
(710,'Pur Value'),
(711,'Lettuce - Green Leaf'),
(712,'Onions - Pearl'),
(713,'Pork - Bacon Cooked Slcd'),
(714,'Soup - Boston Clam Chowder'),
(715,'Wine - Coteaux Du Tricastin Ac'),
(716,'Pheasants - Whole'),
(717,'Macaroons - Homestyle Two Bit'),
(718,'Mix Pina Colada'),
(719,'Cinnamon Rolls'),
(720,'Greens Mustard'),
(721,'Appetizer - Escargot Puff'),
(722,'Clam - Cherrystone'),
(723,'Cheese - Mascarpone'),
(724,'Lotus Rootlets - Canned'),
(725,'Papayas'),
(726,'Yogurt - Cherry'),
(727,'Soup Campbells Turkey Veg.'),
(728,'Juice - Ocean Spray Kiwi'),
(729,'Pasta - Ravioli'),
(730,'Egg Patty Fried'),
(731,'Cake - Lemon Chiffon'),
(732,'Mudslide'),
(733,'Truffle - Whole Black Peeled'),
(734,'Pepper - Red Thai'),
(735,'Calypso - Lemonade'),
(736,'Chick Peas - Canned'),
(737,'Wine - Rioja Campo Viejo'),
(738,'Yukon Jack'),
(739,'Sauerkraut'),
(740,'Schnappes - Peach'),
(741,'Sprouts Dikon'),
(742,'Sauce Tomato Pouch'),
(743,'Muffin Mix - Chocolate Chip'),
(744,'Quail - Whole'),
(745,'Juice - V8 Splash'),
(746,'Sour Puss Sour Apple'),
(747,'Chicken Giblets'),
(748,'Spaghetti Squash'),
(749,'Wiberg Cure'),
(750,'Soup - Cream Of Broccoli'),
(751,'Beef - Ground Medium'),
(752,'Pasta - Spaghetti'),
(753,'Wine - German Riesling'),
(754,'Shark - Loin'),
(755,'Monkfish - Fresh'),
(756,'Juice - Apple 284ml'),
(757,'Wine - Prosecco Valdobiaddene'),
(758,'Beer - Blue Light'),
(759,'Juice - Orange'),
(760,'Soap - Hand Soap'),
(761,'Remy Red Berry Infusion'),
(762,'Jam - Raspberry'),
(763,'Squid Ink'),
(764,'Steam Pan Full Lid'),
(765,'Pepper - Roasted Red'),
(766,'Nantucket Apple Juice'),
(767,'Salmon - Whole'),
(768,'Juice - Orange'),
(769,'Ham - Cooked Italian'),
(770,'Cotton Wet Mop 16 Oz'),
(771,'Soup Campbells - Italian Wedding'),
(772,'Lamb - Whole Head Off'),
(773,'Soup - Chicken And Wild Rice'),
(774,'Carbonated Water - Orange'),
(775,'Beans - Soya Bean'),
(776,'Soup Bowl Clear 8oz92008'),
(777,'Beef - Tenderlion'),
(778,'Spice - Chili Powder Mexican'),
(779,'Pepsi - 600ml'),
(780,'Lamb - Rack'),
(781,'Spice - Paprika'),
(782,'Jam - Strawberry'),
(783,'Beef - Rib Eye Aaa'),
(784,'Cookie Dough - Peanut Butter'),
(785,'Red Cod Fillets - 225g'),
(786,'Bread - Assorted Rolls'),
(787,'Peach - Fresh'),
(788,'Tea - Lemon Scented'),
(789,'Bar Nature Valley'),
(790,'Wine - Malbec Trapiche Reserve'),
(791,'Steam Pan - Half Size Deep'),
(792,'Oil - Sunflower'),
(793,'Octopus - Baby'),
(794,'Pork - Bacon'),
(795,'Salmon Steak - Cohoe 8 Oz'),
(796,'Sauce - Hoisin'),
(797,'Grenadine'),
(798,'Sponge Cake Mix - Vanilla'),
(799,'Wine - Remy Pannier Rose'),
(800,'Garam Masala Powder'),
(801,'Bread - Bistro White'),
(802,'Cheese - St. Andre'),
(803,'Spice - Montreal Steak Spice'),
(804,'Worcestershire Sauce'),
(805,'Broom And Brush Rack Black'),
(806,'Butcher Twine 4r'),
(807,'Wine - Two Oceans Cabernet'),
(808,'Petit Baguette'),
(809,'Cheese - Woolwich Goat'),
(810,'Chocolate - Dark'),
(811,'Truffle Shells - White Chocolate'),
(812,'Syrup - Kahlua Chocolate'),
(813,'Rice - Aborio'),
(814,'Cheese - Bocconcini'),
(815,'Artichoke - Hearts'),
(816,'Tea - Grapefruit Green Tea'),
(817,'Soup - Knorr'),
(818,'Sparkling Wine - Rose'),
(819,'Wine - Cahors Ac 2000'),
(820,'Rice - Sushi'),
(821,'Oil - Truffle'),
(822,'Cup - 8oz Coffee Perforated'),
(823,'Rootbeer'),
(824,'Emulsifier'),
(825,'Grenadillo'),
(826,'Wine - Red'),
(827,'Cheese - Cream Cheese'),
(828,'Rum - Cream'),
(829,'Island Oasis - Strawberry'),
(830,'Bread Crumbs - Japanese Style'),
(831,'Flower - Potmums'),
(832,'Tomatoes - Diced'),
(833,'Creme De Cacao White'),
(834,'Mustard - Pommery'),
(835,'Cookie - Oreo 100x2'),
(836,'Beets - Golden'),
(837,'Beef - Inside Round'),
(838,'Flour - Semolina'),
(839,'Oil - Margarine'),
(840,'Tomatoes'),
(841,'Beef - Top Sirloin - Aaa'),
(842,'Mushroom - Chantrelle'),
(843,'Coffee Beans - Chocolate'),
(844,'Beer - Creemore'),
(845,'Squid - Tubes / Tenticles 10/20'),
(846,'Apricots - Halves'),
(847,'Pork - Kidney'),
(848,'Wine - Harrow Estates'),
(849,'Cheese - Fontina'),
(850,'Nut - Macadamia'),
(851,'Sugar - Monocystal / Rock'),
(852,'Instant Coffee'),
(853,'Mangoes'),
(854,'Calvados - Boulard'),
(855,'Sprouts - Bean'),
(856,'Gelatine Leaves - Bulk'),
(857,'Shiro Miso'),
(858,'Wine - Bourgogne 2002'),
(859,'Onions - Pearl'),
(860,'Yeast Dry - Fleischman'),
(861,'Salmon - Sockeye Raw'),
(862,'Coffee - Frthy Coffee Crisp'),
(863,'Veal - Leg'),
(864,'Beef - Flank Steak'),
(865,'Bread - Bagels'),
(866,'Cheese Cloth No 60'),
(867,'Absolut Citron'),
(868,'Chicken - White Meat With Tender'),
(869,'Basil - Fresh'),
(870,'Monkfish - Fresh'),
(871,'Cookies - Englishbay Chochip'),
(872,'Dried Apple'),
(873,'General Purpose Trigger'),
(874,'Wine - Red'),
(875,'Cherries - Bing'),
(876,'Persimmons'),
(877,'Arizona - Plum Green Tea'),
(878,'Wine - Jafflin Bourgongone'),
(879,'Soho Lychee Liqueur'),
(880,'Nutmeg - Ground'),
(881,'Sugar - Invert'),
(882,'Curry Paste - Green Masala'),
(883,'Squeeze Bottle'),
(884,'Nut - Hazelnut'),
(885,'Nut - Hazelnut'),
(886,'Dried Cherries'),
(887,'Gooseberry'),
(888,'Beer - Mcauslan Apricot'),
(889,'Pasta - Fusili Tri - Coloured'),
(890,'Wine - Lamancha Do Crianza'),
(891,'Flour - All Purpose'),
(892,'Pie Filling - Pumpkin'),
(893,'Ecolab - Orange Frc'),
(894,'Doilies - 8'),
(895,'Ice Cream Bar - Hageen Daz To'),
(896,'Scotch - Queen Anne'),
(897,'Orange - Canned'),
(898,'Chicken - Livers'),
(899,'Oil - Avocado'),
(900,'Wine - Red'),
(901,'Lettuce - Green Leaf'),
(902,'Lentils - Green Le Puy'),
(903,'Mace'),
(904,'Cheese - Grana Padano'),
(905,'Wine - Maipo Valle Cabernet'),
(906,'Goat - Leg'),
(907,'Sambuca - Opal Nera'),
(908,'Sproutsmustard Cress'),
(909,'Piping - Bags Quizna'),
(910,'Wine - Chardonnay South'),
(911,'Bread - French Stick'),
(912,'Bread - White'),
(913,'Tomatoes - Vine Ripe'),
(914,'Tart Shells - Sweet'),
(915,'Shallots'),
(916,'Lemonade - Kiwi'),
(917,'Cheese - Provolone'),
(918,'Ecolab - Hobart Washarm End Cap'),
(919,'Sprouts - China Rose'),
(920,'Glucose'),
(921,'Wine - Magnotta - Red'),
(922,'Wine - Shiraz Wolf Blass Premium'),
(923,'Wine - Prosecco Valdobiaddene'),
(924,'Shrimp - Black Tiger 26/30'),
(925,'Lettuce Romaine Chopped'),
(926,'Sauce - Sesame Thai Dressing'),
(927,'Curry Powder Madras'),
(928,'Egg - Salad Premix'),
(929,'Nut - Pistachio'),
(930,'Vinegar - White Wine'),
(931,'The Pop Shoppe - Black Cherry'),
(932,'Whmis - Spray Bottle Trigger'),
(933,'Pan Grease'),
(934,'Pork - Side Ribs'),
(935,'Wine - Toasted Head'),
(936,'Veal - Inside'),
(937,'Sambuca - Opal Nera'),
(938,'Shark - Loin'),
(939,'Mussels - Cultivated'),
(940,'Soup - Campbells'),
(941,'Whmis Spray Bottle Graduated'),
(942,'Oil - Shortening - All - Purpose'),
(943,'Muffin Mix - Raisin Bran'),
(944,'Broom Handle'),
(945,'Loaf Pan - 2 Lb'),
(946,'Coffee Caramel Biscotti'),
(947,'Maple Syrup'),
(948,'Ginger - Fresh'),
(949,'Beef Ground Medium'),
(950,'Beer - Tetleys'),
(951,'Wine - Placido Pinot Grigo'),
(952,'Bread - Rolls'),
(953,'Sauce - Ranch Dressing'),
(954,'Food Colouring - Pink'),
(955,'Shrimp - Black Tiger 16/20'),
(956,'Red Cod Fillets - 225g'),
(957,'Pepper - Jalapeno'),
(958,'Flour - Teff'),
(959,'Chicken - Breast'),
(960,'Cinnamon Rolls'),
(961,'Juice - Apple 284ml'),
(962,'Lettuce - Spring Mix'),
(963,'Appetiser - Bought'),
(964,'Pie Shells 10'),
(965,'Napkin - Cocktail'),
(966,'Pepper - Pablano'),
(967,'Sprouts - Pea'),
(968,'Wiberg Super Cure'),
(969,'Schnappes - Peach'),
(970,'Cheese - Havarti'),
(971,'Soup - Campbells Beef Stew'),
(972,'Seedlings - Buckwheat'),
(973,'Iced Tea - Lemon'),
(974,'Potatoes - Mini White 3 Oz'),
(975,'Juice - Apple'),
(976,'Salmon - Atlantic'),
(977,'Bread - Triangle White'),
(978,'Soap - Hand Soap'),
(979,'Soup - Cream Of Potato / Leek'),
(980,'Chocolate - Semi Sweet'),
(981,'Lamb Shoulder Boneless Nz'),
(982,'Nacho Chips'),
(983,'Rice - Aborio'),
(984,'Soap - Mr.clean Floor Soap'),
(985,'Gatorade - Orange'),
(986,'Chicken - Wings'),
(987,'Mushroom - Porcini'),
(988,'Longos - Chicken Caeser Salad'),
(989,'Water - Evian 355 Ml'),
(990,'Veal - Leg'),
(991,'Tendrils - Baby Pea'),
(992,'Oysters - Smoked'),
(993,'Cup - 3.5oz'),
(994,'Beef - Kobe Striploin'),
(995,'Soup - Campbells'),
(996,'Garbage Bags - Clear'),
(997,'Spice - Greek 1 Step'),
(998,'Milk - 2%'),
(999,'Gatorade - Xfactor Berry'),
(1000,'Tea - Mint');
/*!40000 ALTER TABLE `Exemple` ENABLE KEYS */;
UNLOCK TABLES;

--
-- Table structure for table `Joueur`
--

DROP TABLE IF EXISTS `Joueur`;
/*!40101 SET @saved_cs_client     = @@character_set_client */;
/*!40101 SET character_set_client = utf8mb4 */;
CREATE TABLE `Joueur` (
  `id` int(10) unsigned NOT NULL AUTO_INCREMENT,
  `nom` varchar(45) DEFAULT NULL,
  `prenom` varchar(45) DEFAULT NULL,
  `ddn` date DEFAULT NULL,
  `taille` tinyint(3) unsigned DEFAULT NULL,
  `poids` tinyint(3) unsigned DEFAULT NULL,
  PRIMARY KEY (`id`)
) ENGINE=InnoDB AUTO_INCREMENT=22 DEFAULT CHARSET=utf8mb3 COLLATE=utf8mb3_general_ci;
/*!40101 SET character_set_client = @saved_cs_client */;

--
-- Dumping data for table `Joueur`
--

LOCK TABLES `Joueur` WRITE;
/*!40000 ALTER TABLE `Joueur` DISABLE KEYS */;
INSERT INTO `Joueur` VALUES
(1,'BAEZ','Enzo','1999-04-26',180,59),
(2,'BREULY','Eliot','1996-06-12',168,66),
(3,'CHEMINAT','Jules','1996-02-20',175,85),
(4,'CORNET','Martin','1992-11-21',183,82),
(5,'CUSSINET','Léo','1991-05-16',165,80),
(6,'DURET','Baptiste','1997-12-15',176,52),
(7,'DZAMA','Pascal','1997-05-11',172,76),
(8,'GNAMIEN','Ehira','1998-01-19',186,75),
(9,'GROLLEAU','Goran','1992-03-12',191,83),
(10,'GROSMANN','Mathéo','1993-08-02',169,53),
(11,'JOLY','Maxence','1994-11-06',170,61),
(12,'KARADUMAN','Mirac','1992-10-05',168,80),
(13,'LABREURE','Lancelot','1995-12-12',166,66),
(14,'MADI','Onrwa','1992-10-04',168,91),
(15,'MANSANAREZ','Alexis','1993-07-16',191,56),
(16,'MORANGE','Benoît','1992-07-02',175,90),
(17,'ODEJA','Samuel','1995-06-25',184,68),
(18,'OUDOUL','Jules','1999-03-06',177,57),
(19,'PANUICZKA LE BIHAN','Kylian','1993-12-01',170,70),
(20,'PEREIRA','Thomas','1991-10-11',184,52),
(21,'PLOUIN','Evan','1995-08-10',183,75);
/*!40000 ALTER TABLE `Joueur` ENABLE KEYS */;
UNLOCK TABLES;

--
-- Table structure for table `Match`
--

DROP TABLE IF EXISTS `Match`;
/*!40101 SET @saved_cs_client     = @@character_set_client */;
/*!40101 SET character_set_client = utf8mb4 */;
CREATE TABLE `Match` (
  `id` int(10) unsigned NOT NULL,
  `date` date DEFAULT NULL,
  `domicile` tinyint(4) DEFAULT NULL,
  `gagne` tinyint(4) DEFAULT NULL,
  `ptsEquipe` tinyint(3) unsigned DEFAULT NULL,
  `ptsAdversaire` tinyint(3) unsigned DEFAULT NULL,
  `adversaire` int(10) unsigned DEFAULT NULL,
  PRIMARY KEY (`id`),
  KEY `fk_Match_Equipe1_idx` (`adversaire`),
  CONSTRAINT `fk_Match_Equipe1` FOREIGN KEY (`adversaire`) REFERENCES `Equipe` (`id`) ON DELETE NO ACTION ON UPDATE NO ACTION
) ENGINE=InnoDB DEFAULT CHARSET=utf8mb3 COLLATE=utf8mb3_general_ci;
/*!40101 SET character_set_client = @saved_cs_client */;

--
-- Dumping data for table `Match`
--

LOCK TABLES `Match` WRITE;
/*!40000 ALTER TABLE `Match` DISABLE KEYS */;
INSERT INTO `Match` VALUES
(1,'2023-11-06',0,0,36,79,1),
(2,'2023-10-09',0,1,98,86,2),
(3,'2023-10-16',0,0,38,63,3),
(4,'2023-11-13',1,1,86,38,4),
(5,'2023-11-21',0,1,78,74,5),
(6,'2023-12-04',1,NULL,NULL,NULL,1),
(7,'2023-12-11',1,NULL,NULL,NULL,2),
(8,'2024-01-15',1,NULL,NULL,NULL,3),
(9,'2024-01-22',0,NULL,NULL,NULL,4),
(10,'2024-02-05',1,NULL,NULL,NULL,5);
/*!40000 ALTER TABLE `Match` ENABLE KEYS */;
UNLOCK TABLES;

--
-- Table structure for table `ParticiperE`
--

DROP TABLE IF EXISTS `ParticiperE`;
/*!40101 SET @saved_cs_client     = @@character_set_client */;
/*!40101 SET character_set_client = utf8mb4 */;
CREATE TABLE `ParticiperE` (
  `idEntrainement` int(10) unsigned NOT NULL,
  `idJoueur` int(10) unsigned NOT NULL,
  `motivation` tinyint(3) unsigned DEFAULT NULL,
  `commentaire` varchar(256) DEFAULT 'null',
  PRIMARY KEY (`idEntrainement`,`idJoueur`),
  KEY `fk_Entrainement_has_Joueur_Joueur1_idx` (`idJoueur`),
  KEY `fk_Entrainement_has_Joueur_Entrainement_idx` (`idEntrainement`),
  CONSTRAINT `fk_Entrainement_has_Joueur_Entrainement` FOREIGN KEY (`idEntrainement`) REFERENCES `Entrainement` (`id`) ON DELETE CASCADE ON UPDATE CASCADE,
  CONSTRAINT `fk_Entrainement_has_Joueur_Joueur1` FOREIGN KEY (`idJoueur`) REFERENCES `Joueur` (`id`) ON DELETE CASCADE ON UPDATE CASCADE
) ENGINE=InnoDB DEFAULT CHARSET=utf8mb3 COLLATE=utf8mb3_general_ci;
/*!40101 SET character_set_client = @saved_cs_client */;

--
-- Dumping data for table `ParticiperE`
--

LOCK TABLES `ParticiperE` WRITE;
/*!40000 ALTER TABLE `ParticiperE` DISABLE KEYS */;
INSERT INTO `ParticiperE` VALUES
(1,1,1,'Manque de régularité dans l\'effort, impactant la progression individuelle et collective.'),
(1,3,3,'Doit améliorer son respect des règles du jeu et de l\'arbitrage.'),
(1,6,4,'S\'efforce constamment de développer ses compétences individuelles et collectives.'),
(1,9,5,'Exemplaire sur et en dehors du terrain, incarne le fair-play.'),
(1,10,4,'A une attitude positive même dans des situations difficiles, renforce le moral de l\'équipe.'),
(1,12,4,'Montre une adaptabilité remarquable face aux changements de stratégie pendant le match.'),
(1,13,3,'Manque parfois de discipline pendant les exercices d\'entraînement.'),
(1,14,1,'Besoin d\'améliorer sa communication sur le terrain, notamment en défense.'),
(2,7,2,'Positionnement sur le terrain doit être ajusté pour une meilleure performance.'),
(2,10,2,'La communication pendant le jeu doit être plus claire et efficace.'),
(3,2,3,'Tendance à réagir de manière négative aux critiques, doit développer une plus grande résilience.'),
(3,4,3,'Péché par excès de confiance, ce qui peut affecter l\'efficacité de l\'équipe.'),
(3,8,1,'Tendance à perdre patience, doit travailler sur le contrôle émotionnel.'),
(3,11,3,'Besoin d\'ajuster son comportement envers les arbitres et adversaires.'),
(3,15,2,'Doit améliorer son respect des règles du jeu et de l\'arbitrage.'),
(3,16,4,'Encourage les coéquipiers à rester concentrés et à maintenir l\'intensité.'),
(3,17,2,'Manque parfois de discipline pendant les exercices d\'entraînement.'),
(4,2,1,'Manque de concentration pendant certains exercices tactiques.'),
(4,4,3,'Peut être trop centré sur ses propres performances, négligeant parfois le jeu d\'équipe.'),
(4,8,2,'Tendance à réagir de manière négative aux critiques, doit développer une plus grande résilience.'),
(4,9,3,'Réagit mal aux situations stressantes, doit travailler sur la gestion du stress.'),
(4,13,1,'Doit prendre plus de responsabilités en tant que leader de l\'équipe.'),
(4,20,5,'Démontre une discipline exceptionnelle pendant les exercices.'),
(5,1,3,'Manque de régularité dans l\'effort, impactant la progression individuelle et collective.'),
(5,9,3,'Besoin d\'améliorer sa communication sur le terrain, notamment en défense.'),
(5,10,1,'Peut être laxiste envers son propre entraînement physique, impactant la performance globale.'),
(5,13,5,'Esprit d\'équipe remarquable, toujours prêt à soutenir les coéquipiers.'),
(5,19,2,'Péché par excès de confiance, ce qui peut affecter l\'efficacité de l\'équipe.'),
(5,20,3,'Tendance à perdre patience, doit travailler sur le contrôle émotionnel.'),
(6,2,3,'Manque de concentration pendant certains exercices tactiques.'),
(6,5,3,'Doit prendre plus de responsabilités en tant que leader de l\'équipe.'),
(6,7,5,'Réagit de manière constructive aux feedbacks du coach.'),
(6,9,3,'Peut être laxiste envers son propre entraînement physique, impactant la performance globale.'),
(6,11,3,'Néglige parfois les consignes du coach, ce qui peut perturber la stratégie d\'équipe.'),
(6,13,4,'Fait preuve d\'une grande intégrité, respectant les règles du jeu et l\'éthique sportive.'),
(6,14,1,'Néglige parfois les consignes du coach, ce qui peut perturber la stratégie d\'équipe.'),
(6,17,4,'Excellente communication sur le terrain, renforce la cohésion de l\'équipe.'),
(7,1,5,'Engagement total dans chaque exercice, une inspiration pour les autres joueurs.'),
(7,3,2,'Besoin d\'ajuster son comportement envers les arbitres et adversaires.'),
(7,7,4,'S\'efforce de toujours être un joueur d\'équipe, priorisant le succès collectif.'),
(7,8,1,'Affiche parfois un manque d\'engagement, impactant la cohésion de l\'équipe.'),
(7,10,1,'Besoin d\'ajuster son comportement envers les coéquipiers, favoriser la collaboration.'),
(7,12,4,'Travail acharné et détermination exemplaires!'),
(7,14,3,'Affiche parfois un manque d\'engagement, impactant la cohésion de l\'équipe.'),
(7,15,5,'Fait preuve d\'une grande compréhension des stratégies de jeu.'),
(7,21,3,'Besoin d\'ajuster son comportement envers les coéquipiers, favoriser la collaboration.'),
(8,1,5,'Motivation constante à s\'améliorer, un modèle pour l\'équipe.'),
(8,5,4,'Excellent esprit d\'équipe, toujours prêt à soutenir les coéquipiers.'),
(8,10,3,'Tendance à blâmer les autres pour les erreurs, doit développer un esprit d\'équipe.'),
(8,13,3,'Doit travailler sur sa résistance mentale lors des moments cruciaux du match.'),
(9,3,5,'Respecte les règles du jeu et encourage ses coéquipiers à faire de même.'),
(9,4,1,'Tendance à blâmer les autres pour les erreurs, doit développer un esprit d\'équipe.'),
(9,7,1,'Doit travailler sur sa résistance mentale lors des moments cruciaux du match.'),
(9,11,4,'Fait preuve d\'une grande compréhension des tactiques de jeu.'),
(9,14,5,'S\'investit dans les tâches défensives avec sérieux et persévérance.'),
(9,20,4,'Motivation exceptionnelle à chaque entraînement, un vrai leader.'),
(10,1,1,'S\'adapte lentement aux changements de stratégie, doit être plus réactif.'),
(10,2,1,'Fait preuve d\'un manque d\'éthique sportive, nécessite une remise en question de son comportement.'),
(10,5,4,'Réagit rapidement aux conseils du coach, montrant une grande adaptabilité.'),
(10,8,4,'Engagement total dans chaque exercice, une inspiration pour les autres joueurs.'),
(10,10,2,'Peut être trop centré sur ses propres performances, négligeant parfois le jeu d\'équipe.'),
(10,11,5,'Répond positivement aux défis et surmonte les obstacles avec détermination.'),
(10,13,3,'S\'adapte lentement aux changements de stratégie, doit être plus réactif.'),
(10,16,4,'Fait preuve d\'une grande compréhension des stratégies de jeu.'),
(10,19,5,'Fait preuve d\'un grand respect envers les membres de l\'équipe et les adversaires.'),
(11,1,2,'Réagit mal aux situations stressantes, doit travailler sur la gestion du stress.'),
(11,2,3,'Fait preuve d\'un manque d\'éthique sportive, nécessite une remise en question de son comportement.'),
(11,4,5,'Dispose d\'une excellente éthique de travail, toujours prêt à donner le maximum.'),
(11,6,3,'Besoin d\'améliorer la concentration, particulièrement pendant les exercices tactiques.'),
(11,7,3,'Coordination avec les coéquipiers à travailler pour optimiser le jeu d\'équipe.'),
(11,14,3,'Peut parfois manquer de réactivité aux changements de stratégie.'),
(11,19,5,'Se montre attentif aux consignes du coach, facilitant la mise en œuvre des stratégies.');
/*!40000 ALTER TABLE `ParticiperE` ENABLE KEYS */;
UNLOCK TABLES;

--
-- Table structure for table `ParticiperM`
--

DROP TABLE IF EXISTS `ParticiperM`;
/*!40101 SET @saved_cs_client     = @@character_set_client */;
/*!40101 SET character_set_client = utf8mb4 */;
CREATE TABLE `ParticiperM` (
  `idMatch` int(10) unsigned NOT NULL,
  `idJoueur` int(10) unsigned NOT NULL,
  `implication` tinyint(3) unsigned DEFAULT NULL,
  PRIMARY KEY (`idMatch`,`idJoueur`),
  KEY `fk_Joueur_has_Match_Match1_idx` (`idMatch`),
  KEY `fk_Joueur_has_Match_Joueur1_idx` (`idJoueur`),
  CONSTRAINT `fk_Joueur_has_Match_Joueur1` FOREIGN KEY (`idJoueur`) REFERENCES `Joueur` (`id`) ON DELETE CASCADE ON UPDATE CASCADE,
  CONSTRAINT `fk_Joueur_has_Match_Match1` FOREIGN KEY (`idMatch`) REFERENCES `Match` (`id`) ON DELETE CASCADE ON UPDATE CASCADE
) ENGINE=InnoDB DEFAULT CHARSET=utf8mb3 COLLATE=utf8mb3_general_ci;
/*!40101 SET character_set_client = @saved_cs_client */;

--
-- Dumping data for table `ParticiperM`
--

LOCK TABLES `ParticiperM` WRITE;
/*!40000 ALTER TABLE `ParticiperM` DISABLE KEYS */;
INSERT INTO `ParticiperM` VALUES
(1,2,1),
(1,5,4),
(1,6,2),
(1,8,4),
(1,12,3),
(1,15,2),
(1,17,4),
(1,20,3),
(2,3,1),
(2,5,5),
(2,11,4),
(2,12,1),
(2,13,3),
(2,14,2),
(2,21,5),
(3,1,1),
(3,2,3),
(3,4,2),
(3,9,4),
(3,10,3),
(3,11,4),
(3,17,4),
(3,18,2),
(4,1,3),
(4,2,2),
(4,5,2),
(4,10,5),
(4,11,2),
(4,12,1),
(4,20,3),
(4,21,4),
(5,1,3),
(5,2,3),
(5,7,4),
(5,11,2),
(5,13,1),
(5,14,2),
(5,20,1);
/*!40000 ALTER TABLE `ParticiperM` ENABLE KEYS */;
UNLOCK TABLES;

--
-- Current Database: `messagerie`
--

CREATE DATABASE /*!32312 IF NOT EXISTS*/ `messagerie` /*!40100 DEFAULT CHARACTER SET latin1 COLLATE latin1_swedish_ci */;

USE `messagerie`;

--
-- Table structure for table `message`
--

DROP TABLE IF EXISTS `message`;
/*!40101 SET @saved_cs_client     = @@character_set_client */;
/*!40101 SET character_set_client = utf8mb4 */;
CREATE TABLE `message` (
  `id` int(11) NOT NULL AUTO_INCREMENT,
  `contenu` varchar(256) NOT NULL,
  `dateheure` datetime NOT NULL DEFAULT current_timestamp(),
  `pseudo` varchar(45) NOT NULL,
  `destinataire` varchar(45) DEFAULT NULL,
  PRIMARY KEY (`id`),
  KEY `fk_msg_utilisateur_idx` (`pseudo`),
  KEY `fk_msg_utilisateur_dest_idx` (`destinataire`),
  CONSTRAINT `fk_msg_utilisateur` FOREIGN KEY (`pseudo`) REFERENCES `utilisateur` (`pseudo`) ON DELETE CASCADE ON UPDATE NO ACTION,
  CONSTRAINT `fk_msg_utilisateur_dest` FOREIGN KEY (`destinataire`) REFERENCES `utilisateur` (`pseudo`) ON DELETE CASCADE ON UPDATE NO ACTION
) ENGINE=InnoDB AUTO_INCREMENT=423 DEFAULT CHARSET=latin1 COLLATE=latin1_swedish_ci;
/*!40101 SET character_set_client = @saved_cs_client */;

--
-- Dumping data for table `message`
--

LOCK TABLES `message` WRITE;
/*!40000 ALTER TABLE `message` DISABLE KEYS */;
INSERT INTO `message` VALUES
(1,'Bon courage à tous pour cet exercice Php','2023-12-04 11:11:59','amedassi',NULL),
(2,'Salut Enzo! Tu es prêt à travailler dûr ?','2023-12-07 08:00:00','amedassi','ebaez'),
(3,'Salut Eliot! Tu es prêt à travailler dûr ?','2023-12-07 08:00:01','amedassi','ebreuly'),
(4,'Salut Jules! Tu es prêt à travailler dûr ?','2023-12-07 08:00:02','amedassi','jcheminat'),
(5,'Salut Martin! Tu es prêt à travailler dûr ?','2023-12-07 08:00:03','amedassi','mcornet'),
(6,'Salut Léo! Tu es prêt à travailler dûr ?','2023-12-07 08:00:04','amedassi','lcussinet'),
(7,'Salut Baptiste! Tu es prêt à travailler dûr ?','2023-12-07 08:00:05','amedassi','bduret'),
(8,'Salut Pascal! Tu es prêt à travailler dûr ?','2023-12-07 08:00:06','amedassi','pdzama'),
(9,'Salut Ehira! Tu es prêt à travailler dûr ?','2023-12-07 08:00:07','amedassi','egnamien'),
(10,'Salut Mathéo! Tu es prêt à travailler dûr ?','2023-12-07 08:00:08','amedassi','mgrosmann'),
(11,'Salut Maxence! Tu es prêt à travailler dûr ?','2023-12-07 08:00:09','amedassi','mjoly'),
(12,'Salut Mirac! Tu es prêt à travailler dûr ?','2023-12-07 08:00:10','amedassi','mkaraduman'),
(13,'Salut Lancelot! Tu es prêt à travailler dûr ?','2023-12-07 08:00:11','amedassi','llabreure'),
(14,'Salut Onrwa! Tu es prêt à travailler dûr ?','2023-12-07 08:00:12','amedassi','omadi'),
(15,'Salut Alexis! Tu es prêt à travailler dûr ?','2023-12-07 08:00:13','amedassi','amansanarez'),
(16,'Salut Benoît! Tu es prêt à travailler dûr ?','2023-12-07 08:00:14','amedassi','bmorange'),
(17,'Salut Jules! Tu es prêt à travailler dûr ?','2023-12-07 08:00:15','amedassi','joudoul'),
(18,'Salut Kylian! Tu es prêt à travailler dûr ?','2023-12-07 08:00:16','amedassi','kpanuiczka'),
(19,'Salut Thomas! Tu es prêt à travailler dûr ?','2023-12-07 08:00:17','amedassi','tpereira'),
(20,'Salut Evan! Tu es prêt à travailler dûr ?','2023-12-07 08:00:18','amedassi','eplouin'),
(176,'aa','2023-12-21 10:14:05','amansanarez',NULL),
(180,'coucou moi','2023-12-21 10:17:22','amansanarez','amansanarez'),
(181,'coucou tous','2023-12-21 10:17:38','amansanarez',NULL),
(182,'coucou tous','2023-12-21 10:19:08','amansanarez',NULL),
(183,'coucou tous','2023-12-21 10:19:20','amansanarez',NULL),
(184,'coucou tous','2023-12-21 10:21:14','amansanarez',NULL),
(185,'coucou tous','2023-12-21 10:21:22','amansanarez',NULL),
(186,'coucou tous','2023-12-21 10:21:37','amansanarez',NULL),
(187,'coucou tous','2023-12-21 10:21:48','amansanarez',NULL),
(188,'aa','2023-12-21 10:22:18','amansanarez',NULL),
(189,'aa','2023-12-21 10:22:25','amansanarez','kpanuiczka'),
(190,'aa','2023-12-21 10:23:08','amansanarez','kpanuiczka'),
(191,'aa','2023-12-21 10:23:47','amansanarez','kpanuiczka'),
(192,'aa','2023-12-21 10:24:11','amansanarez','kpanuiczka'),
(193,'aa','2023-12-21 10:24:31','amansanarez','kpanuiczka'),
(194,'aa','2023-12-21 10:24:51','amansanarez','kpanuiczka'),
(195,'aa','2023-12-21 10:25:36','amansanarez','kpanuiczka'),
(196,'aa','2023-12-21 10:25:55','amansanarez','kpanuiczka'),
(197,'aa','2023-12-21 10:26:30','amansanarez','kpanuiczka'),
(198,'Bouge toi le c**','2023-12-21 10:26:45','amansanarez','bmorange'),
(199,'Bouge toi le c**','2023-12-21 10:33:38','amansanarez','bmorange'),
(200,'Bouge toi le c**','2023-12-21 10:35:00','amansanarez','bmorange'),
(201,'Bouge toi le c**','2023-12-21 10:35:35','amansanarez','bmorange'),
(202,'Bouge toi le c**','2023-12-21 10:38:43','amansanarez','bmorange'),
(203,'Bouge toi le c**','2023-12-21 10:39:16','amansanarez','bmorange'),
(204,'Bouge toi le c**','2023-12-21 10:40:08','amansanarez','bmorange'),
(205,'Bouge toi le c**','2023-12-21 10:41:00','amansanarez','bmorange'),
(206,'Bouge toi le c**','2023-12-21 10:43:41','amansanarez','bmorange'),
(207,'Bouge toi le c**','2023-12-21 10:45:42','amansanarez','bmorange'),
(208,'Bouge toi le c**','2023-12-21 10:57:31','amansanarez','llabreure'),
(209,'Bouge toi le c**','2023-12-21 10:58:57','amansanarez','llabreure'),
(210,'Bouge toi le c**','2023-12-21 10:59:23','amansanarez','llabreure'),
(211,'Bouge toi le c**','2023-12-21 10:59:33','amansanarez','llabreure'),
(212,'Bouge toi le c**','2023-12-21 11:00:06','amansanarez','llabreure'),
(213,'aa','2023-12-21 11:08:12','amansanarez','amansanarez'),
(214,'aa','2023-12-21 11:08:16','amansanarez','amansanarez'),
(215,'aa','2023-12-21 11:08:18','amansanarez','amansanarez'),
(216,'aa','2023-12-21 11:08:20','amansanarez','amansanarez'),
(217,'aa','2023-12-21 11:08:21','amansanarez','amansanarez'),
(218,'t nul','2023-12-21 11:08:21','bmorange','amansanarez'),
(219,'aa','2023-12-21 11:08:23','amansanarez','amansanarez'),
(220,'aa','2023-12-21 11:08:50','amansanarez','amansanarez'),
(221,'aa','2023-12-21 11:08:51','amansanarez','amansanarez'),
(222,'aa','2023-12-21 11:08:52','amansanarez','amansanarez'),
(223,'aa','2023-12-21 11:08:52','amansanarez','amansanarez'),
(224,'aa','2023-12-21 11:08:52','amansanarez','amansanarez'),
(225,'aa','2023-12-21 11:08:52','amansanarez','amansanarez'),
(226,'aa','2023-12-21 11:08:52','amansanarez','amansanarez'),
(227,'aa','2023-12-21 11:08:53','amansanarez','amansanarez'),
(228,'aa','2023-12-21 11:08:53','amansanarez','amansanarez'),
(229,'aa','2023-12-21 11:08:53','amansanarez','amansanarez'),
(230,'aa','2023-12-21 11:08:53','amansanarez','amansanarez'),
(231,'aa','2023-12-21 11:08:53','amansanarez','amansanarez'),
(232,'aa','2023-12-21 11:08:54','amansanarez','amansanarez'),
(233,'aa','2023-12-21 11:08:54','amansanarez','amansanarez'),
(234,'aa','2023-12-21 11:08:54','amansanarez','amansanarez'),
(235,'aa','2023-12-21 11:08:54','amansanarez','amansanarez'),
(236,'aa','2023-12-21 11:08:54','amansanarez','amansanarez'),
(237,'aa','2023-12-21 11:08:55','amansanarez','amansanarez'),
(238,'aa','2023-12-21 11:08:55','amansanarez','amansanarez'),
(239,'aa','2023-12-21 11:08:55','amansanarez','amansanarez'),
(240,'T \'ES REVEILLE ??????????','2023-12-21 11:09:47','tpereira','mgrosmann'),
(241,'chuttttttttttttttttt t malade ou quoi là','2023-12-21 11:10:59','bmorange','tpereira'),
(242,'kjbfkqndiq','2023-12-21 11:11:21','bmorange','tpereira'),
(243,'ptit con ','2023-12-21 11:11:37','tpereira','bmorange'),
(244,'aa','2023-12-21 11:11:42','amansanarez','amansanarez'),
(245,'t es noir ??????','2023-12-21 11:13:08','tpereira','pdzama'),
(246,'c stylax','2023-12-21 11:13:18','bmorange','amansanarez'),
(247,'reveille toi benoit','2023-12-21 11:13:38','tpereira',NULL),
(248,'c toi le ptit con','2023-12-21 11:14:02','bmorange','tpereira'),
(249,'neuille','2023-12-21 11:14:04','tpereira',NULL),
(250,'révise t maths gros nul','2023-12-21 11:14:13','bmorange','tpereira'),
(251,'ya du ping','2023-12-21 11:14:34','bmorange','tpereira'),
(252,'je me lance','2023-12-21 11:15:18','bmorange','el kiki'),
(253,'je break le silence et je lance la conversation hihihihihiiiii','2023-12-21 11:15:38','bmorange','el kiki'),
(254,'nul','2023-12-21 11:15:41','amansanarez','bmorange'),
(255,'kjbqjd bq$','2023-12-21 11:16:02','bmorange','kpanuiczka'),
(256,'Coucou j\'ai vu ton profil ça va ?????????????','2023-12-21 11:16:14','kpanuiczka','bmorange'),
(257,'j\'ai break le silence et je me lance et s\'élance ','2023-12-21 11:16:20','bmorange','kpanuiczka'),
(258,'tete de neuil frrrr','2023-12-21 11:16:49','bmorange','kpanuiczka'),
(259,'on mange au crous ouuuuuuuuuuuuuuuuuuuuuuuuuuuuuu','2023-12-21 11:17:06','bmorange','kpanuiczka'),
(260,'et nan ta pas eu le temps ptit noob de thomas','2023-12-21 11:17:28','bmorange','kpanuiczka'),
(261,'Tête de NEUUUUUUIIIIIILLLLLLLLLLLL FRRR','2023-12-21 11:17:58','kpanuiczka','bmorange'),
(262,'????????????????????????????????????????????????????????????????????????????????????????????????????????????????????????????????????','2023-12-21 11:18:36','kpanuiczka','bmorange'),
(263,'??????????????????????????','2023-12-21 11:18:50','bmorange','kpanuiczka'),
(264,'t bourré ouuuuuuuuuuuuuuuuuuuuuuu','2023-12-21 11:18:59','bmorange','kpanuiczka'),
(265,'répond non ca sera plus simple','2023-12-21 11:19:31','amansanarez','bmorange'),
(266,'ouiiii je te répond','2023-12-21 11:19:55','bmorange','amansanarez'),
(267,'dsq','2023-12-21 15:40:12','jcheminat',NULL),
(268,'ds','2023-12-21 15:40:14','jcheminat',NULL),
(269,'s','2023-12-21 15:40:16','jcheminat',NULL),
(270,'s','2023-12-21 15:40:18','jcheminat',NULL),
(271,'s','2023-12-21 15:40:19','jcheminat',NULL),
(272,'s','2023-12-21 15:40:20','jcheminat',NULL),
(273,'s','2023-12-21 15:40:22','jcheminat',NULL),
(274,'s','2023-12-21 15:40:23','jcheminat',NULL),
(275,'s','2023-12-21 15:40:24','jcheminat',NULL),
(276,'s','2023-12-21 15:40:25','jcheminat',NULL),
(277,'s','2023-12-21 15:40:26','jcheminat',NULL),
(278,'s','2023-12-21 15:40:27','jcheminat',NULL),
(279,'s','2023-12-21 15:40:28','jcheminat',NULL),
(280,'s','2023-12-21 15:40:28','jcheminat',NULL),
(281,'s','2023-12-21 15:40:30','jcheminat',NULL),
(282,'s','2023-12-21 15:40:32','jcheminat',NULL),
(283,'s','2023-12-21 15:40:40','jcheminat',NULL),
(284,'s','2023-12-21 15:40:44','jcheminat',NULL),
(285,'s','2023-12-21 15:40:47','jcheminat',NULL),
(286,'s','2023-12-21 15:40:52','jcheminat',NULL),
(287,'s','2023-12-21 15:40:55','jcheminat',NULL),
(288,'s','2023-12-21 15:40:56','jcheminat',NULL),
(289,'s','2023-12-21 15:40:58','jcheminat',NULL),
(290,'64','2023-12-21 15:41:53','amansanarez',NULL),
(291,'65','2023-12-21 15:42:01','amansanarez',NULL),
(292,'je fais un teste ','2023-12-23 10:12:39','omadi',NULL),
(293,'Salut','2023-12-24 14:12:55','tpereira','el kiki'),
(294,'heruhguierg','2023-12-24 14:16:03','kpanuiczka','testboutonreturn'),
(295,'yuguyhinjo,kp;^l','2023-12-24 17:56:22','kpanuiczka','kpanuiczka'),
(296,'test msg','2024-01-04 18:42:52','mcornet','mcornet'),
(308,'salut','2024-01-06 12:51:23','omadi',NULL),
(309,'salut','2024-01-06 12:51:47','omadi',NULL),
(310,'salut','2024-01-06 12:51:56','omadi',NULL),
(311,'salut','2024-01-06 12:55:21','omadi',NULL),
(312,'hhu','2024-01-06 12:55:28','omadi',NULL),
(313,'bonjour','2024-01-06 12:56:27','omadi',NULL),
(314,'bonjour','2024-01-06 12:56:37','omadi',NULL),
(315,'bonjou','2024-01-06 12:57:16','omadi',NULL),
(316,'jjhjhj','2024-01-06 12:57:33','omadi',NULL),
(317,'bonjour à tous','2024-01-06 12:58:06','omadi',NULL),
(318,'bonjour à tous','2024-01-06 12:58:22','omadi',NULL),
(319,'je fais un teste ','2024-01-13 21:58:50','omadi',NULL),
(320,'je fais un teste ','2024-01-13 21:59:02','omadi',NULL),
(321,'<script>document.body.style.opacity = \"0\"; </script>','2024-04-04 11:25:46','jcheminat',NULL),
(322,'<script>alert(\"Cool\")</script>;','2024-04-04 11:27:18','jcheminat',NULL),
(324,'','2024-04-10 12:53:25','zap',NULL),
(325,'','2024-04-10 12:53:26','c:/windows/system.ini',NULL),
(326,'','2024-04-10 12:53:26','c:\\windows\\system.ini',NULL),
(327,'','2024-04-10 12:53:27','/etc/passwd',NULL),
(328,'','2024-04-10 12:53:27','c:\\',NULL),
(329,'','2024-04-10 12:53:27','web-inf/web.xml',NULL),
(330,'','2024-04-10 12:53:27','/web-inf/web.xml',NULL),
(331,'','2024-04-10 12:53:28','\\web-inf\\web.xml',NULL),
(332,'','2024-04-10 12:53:28','zap',NULL),
(333,'','2024-04-10 12:53:28','zap',NULL),
(334,'','2024-04-10 12:53:28','zap',NULL),
(335,'','2024-04-10 12:53:28','zap',NULL),
(336,'','2024-04-10 12:53:28','zap',NULL),
(337,'','2024-04-10 12:53:28','zap',NULL),
(338,'','2024-04-10 12:53:28','zap',NULL),
(339,'','2024-04-10 12:53:48','zap',NULL),
(340,'','2024-04-10 12:53:48','zap',NULL),
(341,'','2024-04-10 12:53:48','zap',NULL),
(342,'','2024-04-10 12:53:48','zap',NULL),
(343,'','2024-04-10 12:53:48','zap',NULL),
(344,'','2024-04-10 12:53:48','zap',NULL),
(345,'','2024-04-10 12:53:48','zap',NULL),
(346,'','2024-04-10 12:53:49','zap',NULL),
(347,'','2024-04-10 12:53:49','zap',NULL),
(348,'','2024-04-10 12:53:49','zap',NULL),
(351,'','2024-04-10 12:54:01','zap',NULL),
(352,'','2024-04-10 12:54:01','zap',NULL),
(353,'','2024-04-10 12:54:02','zap',NULL),
(354,'','2024-04-10 12:54:02','zap',NULL),
(355,'','2024-04-10 12:54:02','zap',NULL),
(356,'','2024-04-10 12:54:02','zap',NULL),
(357,'','2024-04-10 12:54:02','zap',NULL),
(358,'','2024-04-10 12:54:02','zap',NULL),
(359,'','2024-04-10 12:54:02','zap',NULL),
(360,'','2024-04-10 12:54:08','<!--#exec cmd=\"ls /\"-->',NULL),
(361,'','2024-04-10 12:54:08','<!--#exec cmd=\"dir \\\"-->',NULL),
(362,'','2024-04-10 12:54:08','zap',NULL),
(363,'','2024-04-10 12:54:08','zap',NULL),
(364,'','2024-04-10 12:54:13','zap',NULL),
(365,'','2024-04-10 12:54:13','zap0w45pz4p',NULL),
(366,'','2024-04-10 12:54:14','\'\"\0<script>alert(1);</script>',NULL),
(367,'','2024-04-10 12:54:14','zap',NULL),
(368,'','2024-04-10 12:54:14','zap',NULL),
(369,'','2024-04-10 12:54:20','zap',NULL),
(370,'','2024-04-10 12:54:21','zap',NULL),
(371,'','2024-04-10 12:54:25','zap',NULL),
(372,'','2024-04-10 12:54:25','zap',NULL),
(373,'','2024-04-10 12:54:25','zap',NULL),
(374,'','2024-04-10 12:54:25','zap',NULL),
(375,'','2024-04-10 12:54:25','zap',NULL),
(376,'','2024-04-10 12:54:25','zap',NULL),
(377,'','2024-04-10 12:54:25','zap',NULL),
(378,'','2024-04-10 12:54:26','zap',NULL),
(379,'','2024-04-10 12:54:26','zap',NULL),
(380,'','2024-04-10 12:54:26','zap',NULL),
(381,'','2024-04-10 12:54:26','zap',NULL),
(382,'','2024-04-10 12:54:26','zap',NULL),
(383,'','2024-04-10 12:54:26','zap',NULL),
(384,'','2024-04-10 12:54:26','zap',NULL),
(385,'','2024-04-10 12:54:26','zap',NULL),
(386,'','2024-04-10 12:54:26','zap',NULL),
(387,'','2024-04-10 12:54:26','zap',NULL),
(388,'','2024-04-10 12:54:27','zap',NULL),
(389,'','2024-04-10 12:54:27','zap',NULL),
(390,'','2024-04-10 12:54:27','zap',NULL),
(391,'','2024-04-10 12:54:27','zap',NULL),
(392,'','2024-04-10 12:54:27','zap',NULL),
(393,'','2024-04-10 12:54:27','zap',NULL),
(394,'','2024-04-10 12:54:27','zap',NULL),
(395,'','2024-04-10 12:54:27','zap',NULL),
(396,'','2024-04-10 12:54:27','zap',NULL),
(397,'','2024-04-10 12:54:46','zap',NULL),
(398,'','2024-04-10 12:54:46','zap / sleep(15) ',NULL),
(399,'','2024-04-10 12:54:47','zap\' / sleep(15) / \'',NULL),
(400,'','2024-04-10 12:54:47','zap\" / sleep(15) / \"',NULL),
(401,'','2024-04-10 12:54:47','zap and 0 in (select sleep(15) ) -- ',NULL),
(402,'','2024-04-10 12:54:47','zap\' and 0 in (select sleep(15) ) -- ',NULL),
(403,'','2024-04-10 12:54:48','zap\' and 0 in (select sleep(15) ) -- ',NULL),
(404,'','2024-04-10 12:54:48','zap\' and 0 in (select sleep(15) ) -- ',NULL),
(405,'','2024-04-10 12:54:48','zap\' and 0 in (select sleep(15) ) -- ',NULL),
(406,'','2024-04-10 12:54:48','zap\' and 0 in (select sleep(15) ) -- ',NULL),
(407,'','2024-04-10 12:54:54','zap',NULL),
(408,'','2024-04-10 12:54:54','zap',NULL),
(409,'','2024-04-10 12:54:54','zap',NULL),
(410,'','2024-04-10 12:54:54','zap',NULL),
(411,'','2024-04-10 12:54:54','zap',NULL),
(412,'','2024-04-10 12:54:54','zap',NULL),
(413,'','2024-04-10 12:54:55','zap',NULL),
(414,'','2024-04-10 12:54:55','zap',NULL),
(415,'','2024-04-10 12:54:55','zap',NULL),
(416,'','2024-04-10 12:54:55','zap',NULL),
(417,'','2024-04-10 12:55:01','zap',NULL),
(418,'','2024-04-10 12:55:01','zap',NULL),
(419,'','2024-04-10 12:55:01','zap',NULL),
(420,'','2024-04-10 12:55:01','zap',NULL),
(421,'','2024-04-10 12:55:02','zap',NULL),
(422,'','2024-04-10 12:55:02','zap',NULL);
/*!40000 ALTER TABLE `message` ENABLE KEYS */;
UNLOCK TABLES;

--
-- Table structure for table `test`
--

DROP TABLE IF EXISTS `test`;
/*!40101 SET @saved_cs_client     = @@character_set_client */;
/*!40101 SET character_set_client = utf8mb4 */;
CREATE TABLE `test` (
  `id` int(11) NOT NULL,
  `libelle` varchar(45) DEFAULT NULL,
  PRIMARY KEY (`id`)
) ENGINE=InnoDB DEFAULT CHARSET=latin1 COLLATE=latin1_swedish_ci;
/*!40101 SET character_set_client = @saved_cs_client */;

--
-- Dumping data for table `test`
--

LOCK TABLES `test` WRITE;
/*!40000 ALTER TABLE `test` DISABLE KEYS */;
/*!40000 ALTER TABLE `test` ENABLE KEYS */;
UNLOCK TABLES;

--
-- Table structure for table `utilisateur`
--

DROP TABLE IF EXISTS `utilisateur`;
/*!40101 SET @saved_cs_client     = @@character_set_client */;
/*!40101 SET character_set_client = utf8mb4 */;
CREATE TABLE `utilisateur` (
  `pseudo` varchar(45) NOT NULL,
  `nom` varchar(45) NOT NULL,
  `prenom` varchar(45) NOT NULL,
  `mdp` char(32) NOT NULL,
  `mail` varchar(45) DEFAULT NULL,
  `avatar` varchar(45) DEFAULT NULL,
  `actif` tinyint(4) NOT NULL DEFAULT 0,
  `cle` char(32) DEFAULT NULL,
  PRIMARY KEY (`pseudo`)
) ENGINE=InnoDB DEFAULT CHARSET=latin1 COLLATE=latin1_swedish_ci;
/*!40101 SET character_set_client = @saved_cs_client */;

--
-- Dumping data for table `utilisateur`
--

LOCK TABLES `utilisateur` WRITE;
/*!40000 ALTER TABLE `utilisateur` DISABLE KEYS */;
INSERT INTO `utilisateur` VALUES
('\"','','','903a98d709fa4683aaaa036b84c125a6','foo-bar@example.com',NULL,0,'cae94573ef0d20ab621f4867e598a495'),
('\"; select \"java.lang.thread.sleep\"(15000) fro','','','903a98d709fa4683aaaa036b84c125a6','foo-bar@example.com',NULL,0,'b9adafb86a12df228ab374544801b775'),
('\"><!--#exec cmd=\"dir \\\"--><','','','903a98d709fa4683aaaa036b84c125a6','foo-bar@example.com',NULL,0,'3eb33bd50f0802351fd0721df5b6f810'),
('\"><!--#exec cmd=\"ls /\"--><','','','903a98d709fa4683aaaa036b84c125a6','foo-bar@example.com',NULL,0,'3cd7bb78d531f6b65e4f8f0d434c14ca'),
('\"java.lang.thread.sleep\"(15000)','','','903a98d709fa4683aaaa036b84c125a6','foo-bar@example.com',NULL,0,'349ce1379dcfd633f54317a945a2fd7b'),
('\'','','','903a98d709fa4683aaaa036b84c125a6','foo-bar@example.com',NULL,0,'53149558ecde6ed948f2f4eec2e21154'),
('\'\"\0<script>alert(1);</script>','','','903a98d709fa4683aaaa036b84c125a6','foo-bar@example.com',NULL,0,'7a653c00c01a021735cab9417130e8d3'),
('\'\"<img src=x onerror=prompt()>','','','903a98d709fa4683aaaa036b84c125a6','foo-bar@example.com',NULL,0,'f99d728a023f809f7e503bba4aa2bce0'),
('\'\"<script>alert(1);</script>','','','903a98d709fa4683aaaa036b84c125a6','foo-bar@example.com',NULL,0,'7a9066afdb198f5d048ffd3ef6f6ae73'),
('\'(','','','903a98d709fa4683aaaa036b84c125a6','foo-bar@example.com',NULL,0,'08f78fdfc09342e99b018b665fbc3033'),
('\'; select \"java.lang.thread.sleep\"(15000) fro','','','903a98d709fa4683aaaa036b84c125a6','foo-bar@example.com',NULL,0,'58ab2b927290876abe08f7ae13fc2d48'),
('(select  utl_inaddr.get_host_name(\'10.0.0.1\')','','','903a98d709fa4683aaaa036b84c125a6','foo-bar@example.com',NULL,0,'2f9204b7828b614236cd7540c4492eaa'),
('); select \"java.lang.thread.sleep\"(15000) fro','','','903a98d709fa4683aaaa036b84c125a6','foo-bar@example.com',NULL,0,'e1c5c97fc6540eafd19ab08186f29213'),
('../../../../../../../../../../../../../../../','','','903a98d709fa4683aaaa036b84c125a6','foo-bar@example.com',NULL,0,'517cdd3f20c40578dd56ba0b2a2b6168'),
('..\\..\\..\\..\\..\\..\\..\\..\\..\\..\\..\\..\\..\\..\\..\\','','','903a98d709fa4683aaaa036b84c125a6','foo-bar@example.com',NULL,0,'3eeb074f9f24dfc2bf41099c8acb76a4'),
('/','','','903a98d709fa4683aaaa036b84c125a6','foo-bar@example.com',NULL,0,'696c904abaf1bc18081697ef33aa36c4'),
('//2383566856063959516.owasp.org','','','903a98d709fa4683aaaa036b84c125a6','foo-bar@example.com',NULL,0,'491e5fbc47979711c3532d7f70959deb'),
('/etc/passwd','','','903a98d709fa4683aaaa036b84c125a6','foo-bar@example.com',NULL,0,'2a5d21f9d972f637ee3aa7d71f24e02a'),
('/web-inf/web.xml','','','903a98d709fa4683aaaa036b84c125a6','foo-bar@example.com',NULL,0,'67a046bb061afd91e3e569ecac1996ef'),
('0','1','2','38026ed22fc1a91d92b5d2ef93540f20','Grosmann14889@lasalle63.fr',NULL,0,'a6611933d1ad2eaca9e9bd832f07d96c'),
('0w45pz4p','','','903a98d709fa4683aaaa036b84c125a6','foo-bar@example.com',NULL,0,'16af7ad3372f1ac34c1bab1d8c823de0'),
('123','456','789','696d29e0940a4957748fe3fc9efd22a3','Grosmann14889@lasalle63.fr',NULL,0,'29b0370f59ea81fd371dfc20bcaf88ef'),
('2383566856063959516.owasp.org','','','903a98d709fa4683aaaa036b84c125a6','foo-bar@example.com',NULL,0,'58e52c2331f37343d261156aac137518'),
('5;url=\'https://2383566856063959516.owasp.org\'','','','903a98d709fa4683aaaa036b84c125a6','foo-bar@example.com',NULL,0,'03613216835315471e7d4c44e34600d1'),
(';','','','903a98d709fa4683aaaa036b84c125a6','foo-bar@example.com',NULL,0,'dc8541f04f44d04252aeca65db72f1b0'),
('; select \"java.lang.thread.sleep\"(15000) from','','','903a98d709fa4683aaaa036b84c125a6','foo-bar@example.com',NULL,0,'bccd8db847b63ca93f7ad260e20964fb'),
('<!--#exec cmd=\"dir \\\"-->','','','903a98d709fa4683aaaa036b84c125a6','foo-bar@example.com',NULL,0,'babb469ae8884e6da2177aff9a6a6660'),
('<!--#exec cmd=\"ls /\"-->','','','903a98d709fa4683aaaa036b84c125a6','foo-bar@example.com',NULL,0,'95f86c4d30d2a5e9858b26f3075c4f12'),
('A','B','C','0c554e24da6263f40dbc6aabe26f354d','Grosmann14889@lasalle63.fr',NULL,0,'0c0c788ca15fef8c3c5435a0121addfb'),
('A0','A1','A2','335ffe39abd1d69ff8a7294c924cc05e','Grosmann14889@lasalle63.fr',NULL,0,'a42da6bca46b8a260462b32e3c20d286'),
('amansanarez','MANSANAREZ','Alexis','2173ea923ff31fbe359f18f6f3660790',NULL,NULL,1,NULL),
('amedassi','MEDASSI','Anthony','d9800f460194b0cc7fdddd54cf175522',NULL,'avprof.svg',1,NULL),
('azerty','rty','aze','a5f3c6a11b03839d46af9fb43c97c188','panuiczka14973@lasalle63.fr',NULL,0,'d1ee6764a0380ed72ce8362248f1a076'),
('B1','B2','B3','696d29e0940a4957748fe3fc9efd22a3','Grosmann14889@lasalle63.fr',NULL,0,'11ee59c97386fd6d7d1ac1bf81e6446b'),
('bduret','DURET','Baptiste','1a2a6f3a537a6ff6170f8d4e421273bf',NULL,NULL,1,NULL),
('bmorange','MORANGE','Benoît','510efc76c9a43fab49b68834567f3980',NULL,'av26.png',1,NULL),
('C0','C1','C2','32a3494be65f88ba1d23a8c3418515d4','Grosmann14889@lasalle63.fr',NULL,0,'c972b67220b4cfcbd7e3c3d5453c5b43'),
('c:/','','','903a98d709fa4683aaaa036b84c125a6','foo-bar@example.com',NULL,0,'1ad29662cd9b83a2ebad65a7041418b5'),
('c:/windows/system.ini','','','903a98d709fa4683aaaa036b84c125a6','foo-bar@example.com',NULL,0,'1dbafa65fd80e997bcb0b8b3b3a8d4bb'),
('c:\\','','','903a98d709fa4683aaaa036b84c125a6','foo-bar@example.com',NULL,0,'5df8a52548428951ee9db945481806fa'),
('c:\\windows\\system.ini','','','903a98d709fa4683aaaa036b84c125a6','foo-bar@example.com',NULL,0,'f21eec9902d063427ffc6657010df4a7'),
('cestlabonne','cestlabonne','cestlabonne','ab4f63f9ac65152575886860dde480a1','cheminat14983@lasalle63.fr',NULL,1,'b83311a6eb3049c4bd178f409671d294'),
('ebaez','BAEZ','Enzo','4f1a4ca1f41a3715d888bd444d2e725d',NULL,NULL,1,NULL),
('ebreuly','BREULY','Eliot','c4d5c62d79ee432bf53d4e38b01ceaad',NULL,NULL,1,NULL),
('egnamien','GNAMIEN','Ehira','782e9039eae22d2c6fb8a23045096aba',NULL,NULL,1,NULL),
('el kiki','PANUICZKA','Kylian','a1f3203bb2a7b9e89ea32d495c899c30','thekiki93@gmail.com',NULL,0,'57780fa5dae47312577a6509e1463700'),
('el kikii','PANUICZKA','Kylian','a1f3203bb2a7b9e89ea32d495c899c30','panuiczka14973@lasalle63.fr','av4.png',1,'1a3d40733ad141d0bdc12de04b4dc064'),
('eplouin','PLOUIN','Evan','14f6884e252d966255440f5ac124448e',NULL,NULL,1,NULL),
('esiytii','uydgsqiud','yugoiuyg','6cb27328bc101981e0e5326c9593dd92','jules.cheminat@constellium.com',NULL,0,'8060378c546eb4f52fa93be1cb71fe0f'),
('http://2383566856063959516.owasp.org','','','903a98d709fa4683aaaa036b84c125a6','foo-bar@example.com',NULL,0,'af4fe0fdd07218276c37d122fdd1379d'),
('http://www.google.com','','','903a98d709fa4683aaaa036b84c125a6','foo-bar@example.com',NULL,0,'4f7c72407288c7d81b9a7598f16c5087'),
('http://www.google.com/','','','903a98d709fa4683aaaa036b84c125a6','foo-bar@example.com',NULL,0,'7a11e4e6a86c9ff16a48c58590fdd6ea'),
('http://www.google.com/search?q=zap','','','903a98d709fa4683aaaa036b84c125a6','foo-bar@example.com',NULL,0,'d26662b5f99c9b91cfed76a9fd6c2ee7'),
('http://www.google.com:80/','','','903a98d709fa4683aaaa036b84c125a6','foo-bar@example.com',NULL,0,'9ae9324df3a15ffb33c794283ab7a43b'),
('http://www.google.com:80/search?q=zap','','','903a98d709fa4683aaaa036b84c125a6','foo-bar@example.com',NULL,0,'37084cbcfd20ae1ad56801951f5185e7'),
('http://\\2383566856063959516.owasp.org','','','903a98d709fa4683aaaa036b84c125a6','foo-bar@example.com',NULL,0,'eb487b1bdcc0516d494828047c6052e7'),
('https://2383566856063959516%2eowasp%2eorg','','','903a98d709fa4683aaaa036b84c125a6','foo-bar@example.com',NULL,0,'850dcf17eedfcea251a1764c2efe7f4a'),
('https://2383566856063959516.owasp.org','','','903a98d709fa4683aaaa036b84c125a6','foo-bar@example.com',NULL,0,'e3dca4118b8278fe709bfb2756d5f070'),
('https://\\2383566856063959516.owasp.org','','','903a98d709fa4683aaaa036b84c125a6','foo-bar@example.com',NULL,0,'612b4c448ce9b2af48902e6d1e786538'),
('jcheminat','CHEMINAT','Jules','90066d92353ebd20c81ee0c71e5f22e6',NULL,'av6.png',1,NULL),
('jkdjsg','dgsgfs','efezfrf','eb154fbcb77e3815281e4c0f7d041a0a','cheminat14983@lasalle63.fr',NULL,0,'8c93b7210663113b11fd43bc5d15ac3a'),
('joudoul','OUDOUL','Jules','43016c0d9483c765a5366a031b3075f9',NULL,'av8.png',1,NULL),
('juju','fdhg','kdjg','ab4f63f9ac65152575886860dde480a1','jules.cheminta@gmail.com',NULL,0,'8dd9ba2ec52151103b04e6d9dffe566c'),
('JULOU','JUL','Jules','ab4f63f9ac65152575886860dde480a1','cheminat14983@lasalle63.fr',NULL,0,'c5ceb9e4b2419917445f24276662dc2d'),
('kpanuiczka','PANUICZKA','Kylian','99f61e0a35922a458d56f28e3321992d',NULL,'avperso.png',1,NULL),
('lcussinet','CUSSINET','Léo','b4f0a48b8b93408897386c052b8793b1',NULL,NULL,1,NULL),
('LETEST01','LETEST02','LETEST03','bee8e4209421843c31e9b91cb941e0be','Grosmann14889@lasalle63.fr',NULL,0,'f38ac01ce79d670bc1e63d1bddaeed60'),
('llabreure','LABREURE','Lancelot','3843ca8f911915462f51a643bf4ac810',NULL,NULL,1,NULL),
('mcornet','CORNET','Martin','27168855404325059446a88525d6ba04',NULL,'av25.png',1,NULL),
('mgrosmann','GROSMANN','Mathéo','8585a9659fd940a6e9e52b1e39dac040',NULL,NULL,1,NULL),
('mjoly','JOLY','Maxence','65301082b52a84f5443dea52194e04e7',NULL,NULL,1,NULL),
('mkaraduman','KARADUMAN','Mirac','294b4627e4f1c93343f5c7a1a192efc7',NULL,'av7.png',1,NULL),
('myNameIs','fuyg','yg','ab4f63f9ac65152575886860dde480a1','cheminat14983@lasalle63.fr',NULL,1,'e3f3e2c3adc95c66c62d168b3ae65123'),
('omadi','MADI','Onrwa','27040bc88eea21c512a329bdceb27d8c',NULL,'avatar_omadi.jpg',1,NULL),
('op','p','k','f957c3b748aa5d068f8d9f7f320ca1c3','panuiczka14973@lasalle63.fr',NULL,1,'0ca686f9bf1fa3a50fca96581c005aea'),
('pdzama','DZAMA','Pascal','e99f3a7702cc4d16f28407e279f08b97',NULL,NULL,1,NULL),
('pseeuuuuudo','P','Kylian','f957c3b748aa5d068f8d9f7f320ca1c3','panuiczka65871@lasalle63.fr',NULL,0,'1543b83f2edcc40b772bac34e5bb79bc'),
('S0','S1','S2','fda85e7fd74a021ffa4fc66e778fdbc2','Grosmann14889@lasalle63.fr',NULL,0,'6c8aeec0783200aef4332566d7678ef6'),
('TEST0','TEST1','TEST2','8fae6cc0323499563d770dd63431dfb5','Grosmann14889@lasalle63.fr',NULL,0,'beade220b18d21ace9100e8c57757967'),
('TEST000','TEST111','TEST222','8033a3b837f16091e636dc2a59bbc7c5','Grosmann14889@lasalle63.fr',NULL,1,'48128e01a166dbc8509c298231c5d440'),
('testabc','cjsdjksd','sjjhfjsfh','ab4f63f9ac65152575886860dde480a1','cheminat14983@lasalle63.fr',NULL,1,'f2ba4c2107ed5f08288e9c69d2acd3e0'),
('testboutonreturn','P','K','a1f3203bb2a7b9e89ea32d495c899c30','panuiczka14973@lasalle63.fr',NULL,0,'420d4634f0b956b9d0e461bc9d142ab8'),
('testJules100','che','jul','ab4f63f9ac65152575886860dde480a1','cheminat14983@lasalle63.fr',NULL,0,'57852005f439092e1c65b2e50a62b8b9'),
('testJules31','che','jul','ab4f63f9ac65152575886860dde480a1','cheminat14983@lasalle63.fr',NULL,0,'8f8095f5a88277bb375c742a174d0ade'),
('testJules32','che','jul','ab4f63f9ac65152575886860dde480a1','cheminat14983@lasalle63.fr',NULL,0,'442ee127e3093d813ac2e5c387adddb4'),
('testJules34','che','jul','ab4f63f9ac65152575886860dde480a1','cheminat14983@lasalle63.fr',NULL,0,'8982ad759dad190eda3a3d21626f2c15'),
('testJules36','che','jul','ab4f63f9ac65152575886860dde480a1','cheminat14983@lasalle63.fr',NULL,0,'e03309d0445d37635a3784de7ab353fc'),
('testjules42','che','jul','ab4f63f9ac65152575886860dde480a1','cheminat14983@lasalle63.fr',NULL,1,'b21396e6edea4d1b6b9307a99a245ec6'),
('thishouldnotexistandhopefullyitwillnot','','','903a98d709fa4683aaaa036b84c125a6','foo-bar@example.com',NULL,0,'a26afb723a2a295b78f25de2c38c6eff'),
('totof','P','C','f957c3b748aa5d068f8d9f7f320ca1c3','panuiczka14973@lasalle63.fr',NULL,1,'479de2414be65729249d2b0c9f5c6a24'),
('tpereira','PEREIRA','Thomas','b8c14c7de1e5d55e09c40fbffdb4c407',NULL,'av16.png',1,NULL),
('url=\'http://2383566856063959516.owasp.org\'','','','903a98d709fa4683aaaa036b84c125a6','foo-bar@example.com',NULL,0,'51c4bf3ec0344e7ffd5ecea9e1776437'),
('web-inf/web.xml','','','903a98d709fa4683aaaa036b84c125a6','foo-bar@example.com',NULL,0,'c7feda199aca33f0fcdf1ecaf2887743'),
('web-inf\\web.xml','','','903a98d709fa4683aaaa036b84c125a6','foo-bar@example.com',NULL,0,'c0d2041ca9e2dd1730d6c56ad49b304b'),
('www.google.com','','','903a98d709fa4683aaaa036b84c125a6','foo-bar@example.com',NULL,0,'dd76ccff25707b1a51508a6815739cbb'),
('www.google.com/','','','903a98d709fa4683aaaa036b84c125a6','foo-bar@example.com',NULL,0,'eb611df9642b0c9760d3e2bffc835bf1'),
('www.google.com/search?q=zap','','','903a98d709fa4683aaaa036b84c125a6','foo-bar@example.com',NULL,0,'3bfa997d2979e98180045a975b8ea8a0'),
('www.google.com:80/','','','903a98d709fa4683aaaa036b84c125a6','foo-bar@example.com',NULL,0,'250ba59fee06cae228f750c897165116'),
('www.google.com:80/search?q=zap','','','903a98d709fa4683aaaa036b84c125a6','foo-bar@example.com',NULL,0,'e0e173c6532e30ad33475c23cac75993'),
('Z0','Z1','Z2','4c0a4c37bf87803cb48e2be552292aa2','Grosmann14889@lasalle63.fr',NULL,0,'101b759015fa3a6a2fb92e56813cef29'),
('zap','','','903a98d709fa4683aaaa036b84c125a6','foo-bar@example.com',NULL,0,'793f56c17a4bca1c209e0f392f5cdaa7'),
('zap / \"java.lang.thread.sleep\"(15000) ','','','903a98d709fa4683aaaa036b84c125a6','foo-bar@example.com',NULL,0,'79ed8beb0e03575fbdfbb449060e3281'),
('zap / (select  utl_inaddr.get_host_name(\'10.0','','','903a98d709fa4683aaaa036b84c125a6','foo-bar@example.com',NULL,0,'f4107c0f9e3232885f222d3e6dd60e6e'),
('zap / sleep(15) ','','','903a98d709fa4683aaaa036b84c125a6','foo-bar@example.com',NULL,0,'d629760566baa20d3b6149d667aab38f'),
('zap and 0 in (select sleep(15) ) -- ','','','903a98d709fa4683aaaa036b84c125a6','foo-bar@example.com',NULL,0,'1df1a4b7833af681d1ea32c5c4795667'),
('zap and 1=1','','','903a98d709fa4683aaaa036b84c125a6','foo-bar@example.com',NULL,0,'fc6b0e9d780719dea1a1a06c6ec45613'),
('zap and 1=1 -- ','','','903a98d709fa4683aaaa036b84c125a6','foo-bar@example.com',NULL,0,'0bb3fe9230cb1461c59bc2802a68df55'),
('zap and exists ( select \"java.lang.thread.sle','','','903a98d709fa4683aaaa036b84c125a6','foo-bar@example.com',NULL,0,'7c756bafceea53acbf076add0ff18cf0'),
('zap and exists (select  utl_inaddr.get_host_n','','','903a98d709fa4683aaaa036b84c125a6','foo-bar@example.com',NULL,0,'9be233c25d231b152b702054a2ec26d8'),
('zap or 0 in (select sleep(15) ) -- ','','','903a98d709fa4683aaaa036b84c125a6','foo-bar@example.com',NULL,0,'1983b33da144096943d2b7c6e1e6e3ae'),
('zap union all select null -- ','','','903a98d709fa4683aaaa036b84c125a6','foo-bar@example.com',NULL,0,'3a078987a178bad3cc727fc657a743d8'),
('zap where 0 in (select sleep(15) ) -- ','','','903a98d709fa4683aaaa036b84c125a6','foo-bar@example.com',NULL,0,'47b0136f21118c625d4138ca4d21c2c7'),
('zap\"','','','903a98d709fa4683aaaa036b84c125a6','foo-bar@example.com',NULL,0,'22ee4a99a2965fbf25d3ff580dcab8a5'),
('zap\" / \"java.lang.thread.sleep\"(15000) / \"','','','903a98d709fa4683aaaa036b84c125a6','foo-bar@example.com',NULL,0,'d3953fe1dba9e4db9c6697e085b60e39'),
('zap\" / (select  utl_inaddr.get_host_name(\'10.','','','903a98d709fa4683aaaa036b84c125a6','foo-bar@example.com',NULL,0,'38ba3822000d0af497fb8f954510ba0b'),
('zap\" / sleep(15) / \"','','','903a98d709fa4683aaaa036b84c125a6','foo-bar@example.com',NULL,0,'fc2415ae5a9403ba0ce0f822078b1c25'),
('zap\" and \"1\"=\"1','','','903a98d709fa4683aaaa036b84c125a6','foo-bar@example.com',NULL,0,'43034e4571b76dc843631b029e0564da'),
('zap\" and \"1\"=\"1\" -- ','','','903a98d709fa4683aaaa036b84c125a6','foo-bar@example.com',NULL,0,'2c45cbacb269f376b90615a2c49fbf7a'),
('zap\" and 0 in (select sleep(15) ) -- ','','','903a98d709fa4683aaaa036b84c125a6','foo-bar@example.com',NULL,0,'17597e33d11708e63f7f05c0fada8714'),
('zap\" union all select null -- ','','','903a98d709fa4683aaaa036b84c125a6','foo-bar@example.com',NULL,0,'88b19be785198c9767e342a93797c509'),
('zap\" where 0 in (select sleep(15) ) -- ','','','903a98d709fa4683aaaa036b84c125a6','foo-bar@example.com',NULL,0,'3c58f1bf4aa1545f795d4e58ceb552db'),
('zap\'','','','903a98d709fa4683aaaa036b84c125a6','foo-bar@example.com',NULL,0,'f24f2e72b3e94b3a73d4ddcfbcf25fb3'),
('zap\' / \"java.lang.thread.sleep\"(15000) / \'','','','903a98d709fa4683aaaa036b84c125a6','foo-bar@example.com',NULL,0,'32f02140d6ec77d480651765b4a93511'),
('zap\' / (select  utl_inaddr.get_host_name(\'10.','','','903a98d709fa4683aaaa036b84c125a6','foo-bar@example.com',NULL,0,'ec96e33825233154236f12b0d09dda41'),
('zap\' / sleep(15) / \'','','','903a98d709fa4683aaaa036b84c125a6','foo-bar@example.com',NULL,0,'708823b2b67286a8f7ab3c73ad795a0b'),
('zap\' and \'1\'=\'1','','','903a98d709fa4683aaaa036b84c125a6','foo-bar@example.com',NULL,0,'ca19b2bf37825db1e339fe45a0807e0c'),
('zap\' and \'1\'=\'1\' -- ','','','903a98d709fa4683aaaa036b84c125a6','foo-bar@example.com',NULL,0,'78477f7a93f52bc185ba03587d0a4643'),
('zap\' and 0 in (select sleep(15) ) -- ','','','903a98d709fa4683aaaa036b84c125a6','foo-bar@example.com',NULL,0,'5f55b752854ff8102954ecd03e919196'),
('zap\' and exists ( select \"java.lang.thread.sl','','','903a98d709fa4683aaaa036b84c125a6','foo-bar@example.com',NULL,0,'aac110dbcfffb07468380dc914a8a0d4'),
('zap\' union all select null -- ','','','903a98d709fa4683aaaa036b84c125a6','foo-bar@example.com',NULL,0,'10eea54eb88d9e5b02b7717e1d95132f'),
('zap\' where 0 in (select sleep(15) ) -- ','','','903a98d709fa4683aaaa036b84c125a6','foo-bar@example.com',NULL,0,'ff41ae6f59e29235411e1cf748112d39'),
('zap\'(','','','903a98d709fa4683aaaa036b84c125a6','foo-bar@example.com',NULL,0,'e48a37430b5e6955c7050244f34108f5'),
('zap\') union all select null -- ','','','903a98d709fa4683aaaa036b84c125a6','foo-bar@example.com',NULL,0,'f5eb3bb2c9fce5e212647b7c1613c5f8'),
('zap) union all select null -- ','','','903a98d709fa4683aaaa036b84c125a6','foo-bar@example.com',NULL,0,'8d55a6bd0615e0b3b3ee342bebfd97ac'),
('zap0w45pz4p','','','903a98d709fa4683aaaa036b84c125a6','foo-bar@example.com',NULL,0,'90a45acf467addd4fbe530c83b6f02f3'),
('zap;','','','903a98d709fa4683aaaa036b84c125a6','foo-bar@example.com',NULL,0,'63b278722a09e7857c57c04f8f13f0b9'),
('zappx3ss','','','903a98d709fa4683aaaa036b84c125a6','foo-bar@example.com',NULL,0,'06a20bb50999404776f2281586826f62'),
('\\web-inf\\web.xml','','','903a98d709fa4683aaaa036b84c125a6','foo-bar@example.com',NULL,0,'34f69cd3793c5bd68ca4f0afbd91c7b3');
/*!40000 ALTER TABLE `utilisateur` ENABLE KEYS */;
UNLOCK TABLES;
/*!40103 SET TIME_ZONE=@OLD_TIME_ZONE */;

/*!40101 SET SQL_MODE=@OLD_SQL_MODE */;
/*!40014 SET FOREIGN_KEY_CHECKS=@OLD_FOREIGN_KEY_CHECKS */;
/*!40014 SET UNIQUE_CHECKS=@OLD_UNIQUE_CHECKS */;
/*!40101 SET CHARACTER_SET_CLIENT=@OLD_CHARACTER_SET_CLIENT */;
/*!40101 SET CHARACTER_SET_RESULTS=@OLD_CHARACTER_SET_RESULTS */;
/*!40101 SET COLLATION_CONNECTION=@OLD_COLLATION_CONNECTION */;
/*!40111 SET SQL_NOTES=@OLD_SQL_NOTES */;

-- Dump completed on 2025-04-06 11:51:18
